,Unnamed: 0,VALVE,STEP,FAN,TIMESTAMP,UNIXSTAMP
0,0,0.0,0.0,0.0,43403161.0,1683430505.0
1,1,0.0,1.0,1.0,43463702.0,1683430565.0
2,2,1.0,0.0,0.0,43944548.0,1683431046.0
3,3,1.0,1.0,1.0,44005675.0,1683431107.0
4,4,2.0,0.0,0.0,44486332.0,1683431588.0
5,5,2.0,1.0,1.0,44546945.0,1683431649.0
6,6,3.0,0.0,0.0,45027613.0,1683432129.0
7,7,3.0,1.0,1.0,45088233.0,1683432190.0
8,8,0.0,0.0,0.0,45569088.0,1683432671.0
9,9,0.0,1.0,1.0,45629956.0,1683432731.0
10,10,1.0,0.0,0.0,46110833.0,1683433212.0
11,11,1.0,1.0,1.0,46171836.0,1683433273.0
12,12,2.0,0.0,0.0,46652453.0,1683433754.0
13,13,2.0,1.0,1.0,46713133.0,1683433815.0
14,14,3.0,0.0,0.0,47193981.0,1683434295.0
15,15,3.0,1.0,1.0,47254804.0,1683434356.0
16,16,0.0,0.0,0.0,47735600.0,1683434837.0
17,17,0.0,1.0,1.0,47796242.0,1683434898.0
18,18,1.0,0.0,0.0,48276913.0,1683435378.0
19,19,1.0,1.0,1.0,48337532.0,1683435439.0
20,20,2.0,0.0,0.0,48818401.0,1683435920.0
21,21,2.0,1.0,1.0,48879283.0,1683435981.0
22,22,3.0,0.0,0.0,49359906.0,1683436461.0
23,23,3.0,1.0,1.0,49420525.0,1683436522.0
24,24,0.0,0.0,0.0,49901490.0,1683437003.0
25,25,0.0,1.0,1.0,49962288.0,1683437064.0
26,26,1.0,0.0,0.0,50442902.0,1683437544.0
27,27,1.0,1.0,1.0,50503724.0,1683437605.0
28,28,2.0,0.0,0.0,50984397.0,1683438086.0
29,29,2.0,1.0,1.0,51045264.0,1683438147.0
30,30,3.0,0.0,0.0,51525896.0,1683438627.0
31,31,3.0,1.0,1.0,51586504.0,1683438688.0
32,32,0.0,0.0,0.0,52067800.0,1683439169.0
33,33,0.0,1.0,1.0,52128421.0,1683439230.0
34,34,1.0,0.0,0.0,52609514.0,1683439711.0
35,35,1.0,1.0,1.0,52670344.0,1683439772.0
36,36,2.0,0.0,0.0,53151291.0,1683440253.0
37,37,2.0,1.0,1.0,53211918.0,1683440313.0
38,38,3.0,0.0,0.0,53692664.0,1683440794.0
39,39,3.0,1.0,1.0,53753370.0,1683440855.0
40,40,0.0,0.0,0.0,54234188.0,1683441336.0
41,41,0.0,1.0,1.0,54294809.0,1683441396.0
42,42,1.0,0.0,0.0,54775777.0,1683441877.0
43,43,1.0,1.0,1.0,54836648.0,1683441938.0
44,44,2.0,0.0,0.0,55317683.0,1683442419.0
45,45,2.0,1.0,1.0,55378717.0,1683442480.0
46,46,3.0,0.0,0.0,55859616.0,1683442961.0
47,47,3.0,1.0,1.0,55920224.0,1683443022.0
48,48,0.0,0.0,0.0,56400895.0,1683443502.0
49,49,0.0,1.0,1.0,56461514.0,1683443563.0
50,50,1.0,0.0,0.0,56942196.0,1683444044.0
51,51,1.0,1.0,1.0,57002807.0,1683444104.0
52,52,2.0,0.0,0.0,57483780.0,1683444585.0
53,53,2.0,1.0,1.0,57544705.0,1683444646.0
54,54,3.0,0.0,0.0,58025818.0,1683445127.0
55,55,3.0,1.0,1.0,58086669.0,1683445188.0
56,56,0.0,0.0,0.0,58567480.0,1683445669.0
57,57,0.0,1.0,1.0,58628306.0,1683445730.0
58,58,1.0,0.0,0.0,59109293.0,1683446211.0
59,59,1.0,1.0,1.0,59170219.0,1683446272.0
60,60,2.0,0.0,0.0,59651103.0,1683446753.0
61,61,2.0,1.0,1.0,59711722.0,1683446813.0
62,62,3.0,0.0,0.0,60192697.0,1683447294.0
63,63,3.0,1.0,1.0,60253625.0,1683447355.0
64,64,0.0,0.0,0.0,60734308.0,1683447836.0
65,65,0.0,1.0,1.0,60795156.0,1683447897.0
66,66,1.0,0.0,0.0,61275800.0,1683448377.0
67,67,1.0,1.0,1.0,61336421.0,1683448438.0
68,68,2.0,0.0,0.0,61817588.0,1683448919.0
69,69,2.0,1.0,1.0,61878301.0,1683448980.0
70,70,3.0,0.0,0.0,62359150.0,1683449460.0
71,71,3.0,1.0,1.0,62420122.0,1683449521.0
72,72,0.0,0.0,0.0,62901103.0,1683450002.0
73,73,0.0,1.0,1.0,62962029.0,1683450063.0
74,74,1.0,0.0,0.0,63442882.0,1683450544.0
75,75,1.0,1.0,1.0,63503541.0,1683450605.0
76,76,2.0,0.0,0.0,63984382.0,1683451086.0
77,77,2.0,1.0,1.0,64045324.0,1683451147.0
78,78,3.0,0.0,0.0,64526011.0,1683451627.0
79,79,3.0,1.0,1.0,64586812.0,1683451688.0
80,80,0.0,0.0,0.0,65067709.0,1683452169.0
81,81,0.0,1.0,1.0,65128348.0,1683452230.0
82,82,1.0,0.0,0.0,65609114.0,1683452711.0
83,83,1.0,1.0,1.0,65669733.0,1683452771.0
84,84,2.0,0.0,0.0,66150399.0,1683453252.0
85,85,2.0,1.0,1.0,66211017.0,1683453312.0
86,86,3.0,0.0,0.0,66691738.0,1683453793.0
87,87,3.0,1.0,1.0,66752412.0,1683453854.0
88,88,0.0,0.0,0.0,67233385.0,1683454335.0
89,89,0.0,1.0,1.0,67294253.0,1683454396.0
90,90,1.0,0.0,0.0,67775049.0,1683454876.0
91,91,1.0,1.0,1.0,67835875.0,1683454937.0
92,92,2.0,0.0,0.0,68316751.0,1683455418.0
93,93,2.0,1.0,1.0,68377610.0,1683455479.0
94,94,3.0,0.0,0.0,68858593.0,1683455960.0
95,95,3.0,1.0,1.0,68919519.0,1683456021.0
96,96,0.0,0.0,0.0,69400695.0,1683456502.0
97,97,0.0,1.0,1.0,69461633.0,1683456563.0
98,98,1.0,0.0,0.0,69942605.0,1683457044.0
99,99,1.0,1.0,1.0,70003486.0,1683457105.0
100,100,2.0,0.0,0.0,70484345.0,1683457586.0
101,101,2.0,1.0,1.0,70545341.0,1683457647.0
102,102,3.0,0.0,0.0,71026313.0,1683458128.0
103,103,3.0,1.0,1.0,71087452.0,1683458189.0
104,104,0.0,0.0,0.0,71568535.0,1683458670.0
105,105,0.0,1.0,1.0,71629412.0,1683458731.0
106,106,1.0,0.0,0.0,72110047.0,1683459211.0
107,107,1.0,1.0,1.0,72170666.0,1683459272.0
108,108,2.0,0.0,0.0,72651462.0,1683459753.0
109,109,2.0,1.0,1.0,72712293.0,1683459814.0
110,110,3.0,0.0,0.0,73193231.0,1683460294.0
111,111,3.0,1.0,1.0,73254248.0,1683460356.0
112,112,0.0,0.0,0.0,73735109.0,1683460836.0
113,113,0.0,1.0,1.0,73795933.0,1683460897.0
114,114,1.0,0.0,0.0,74276641.0,1683461378.0
115,115,1.0,1.0,1.0,74337660.0,1683461439.0
116,116,2.0,0.0,0.0,74818634.0,1683461920.0
117,117,2.0,1.0,1.0,74879499.0,1683461981.0
118,118,3.0,0.0,0.0,75360584.0,1683462462.0
119,119,3.0,1.0,1.0,75421287.0,1683462523.0
120,120,0.0,0.0,0.0,75901948.0,1683463003.0
121,121,0.0,1.0,1.0,75962569.0,1683463064.0
122,122,1.0,0.0,0.0,76443240.0,1683463545.0
123,123,1.0,1.0,1.0,76503859.0,1683463605.0
124,124,2.0,0.0,0.0,76984739.0,1683464086.0
125,125,2.0,1.0,1.0,77045356.0,1683464147.0
126,126,3.0,0.0,0.0,77526150.0,1683464627.0
127,127,3.0,1.0,1.0,77586814.0,1683464688.0
128,128,0.0,0.0,0.0,78067680.0,1683465169.0
129,129,0.0,1.0,1.0,78128653.0,1683465230.0
130,130,1.0,0.0,0.0,78609465.0,1683465711.0
131,131,1.0,1.0,1.0,78670245.0,1683465771.0
132,132,2.0,0.0,0.0,79151329.0,1683466252.0
133,133,2.0,1.0,1.0,79212367.0,1683466313.0
134,134,3.0,0.0,0.0,79693047.0,1683466794.0
135,135,3.0,1.0,1.0,79753663.0,1683466855.0
136,136,0.0,0.0,0.0,80234516.0,1683467336.0
137,137,0.0,1.0,1.0,80295545.0,1683467397.0
138,138,1.0,0.0,0.0,80776239.0,1683467878.0
139,139,1.0,1.0,1.0,80837093.0,1683467938.0
140,140,2.0,0.0,0.0,81317739.0,1683468419.0
141,141,2.0,1.0,1.0,81378357.0,1683468480.0
142,142,3.0,0.0,0.0,81859429.0,1683468960.0
143,143,3.0,1.0,1.0,81920063.0,1683469021.0
144,144,0.0,0.0,0.0,82401027.0,1683469502.0
145,145,0.0,1.0,1.0,82461961.0,1683469563.0
146,146,1.0,0.0,0.0,82942774.0,1683470044.0
147,147,1.0,1.0,1.0,83003476.0,1683470105.0
148,148,2.0,0.0,0.0,83484164.0,1683470585.0
149,149,2.0,1.0,1.0,83544858.0,1683470646.0
150,150,3.0,0.0,0.0,84025824.0,1683471127.0
151,151,3.0,1.0,1.0,84086743.0,1683471188.0
152,152,0.0,0.0,0.0,84567435.0,1683471669.0
153,153,0.0,1.0,1.0,84628054.0,1683471729.0
154,154,1.0,0.0,0.0,85108729.0,1683472210.0
155,155,1.0,1.0,1.0,85169424.0,1683472271.0
156,156,2.0,0.0,0.0,85650424.0,1683472751.0
157,157,2.0,1.0,1.0,85711249.0,1683472812.0
158,158,3.0,0.0,0.0,86192201.0,1683473293.0
159,159,3.0,1.0,1.0,86253027.0,1683473354.0
160,160,0.0,0.0,0.0,86734187.0,1683473835.0
161,161,0.0,1.0,1.0,86795160.0,1683473896.0
162,162,1.0,0.0,0.0,87276246.0,1683474377.0
163,163,1.0,1.0,1.0,87337169.0,1683474438.0
164,164,2.0,0.0,0.0,87818255.0,1683474919.0
165,165,2.0,1.0,1.0,87879178.0,1683474980.0
166,166,3.0,0.0,0.0,88360101.0,1683475461.0
167,167,3.0,1.0,1.0,88421223.0,1683475522.0
168,168,0.0,0.0,0.0,88902162.0,1683476003.0
169,169,0.0,1.0,1.0,88963099.0,1683476064.0
170,170,1.0,0.0,0.0,89443937.0,1683476545.0
171,171,1.0,1.0,1.0,89504999.0,1683476606.0
172,172,2.0,0.0,0.0,89985683.0,1683477087.0
173,173,2.0,1.0,1.0,90046299.0,1683477148.0
174,174,3.0,0.0,0.0,90527480.0,1683477629.0
175,175,3.0,1.0,1.0,90588184.0,1683477689.0
176,176,0.0,0.0,0.0,91069176.0,1683478170.0
177,177,0.0,1.0,1.0,91130210.0,1683478231.0
178,178,1.0,0.0,0.0,91610913.0,1683478712.0
179,179,1.0,1.0,1.0,91671711.0,1683478773.0
180,180,2.0,0.0,0.0,92152790.0,1683479254.0
181,181,2.0,1.0,1.0,92213817.0,1683479315.0
182,182,3.0,0.0,0.0,92694513.0,1683479796.0
183,183,3.0,1.0,1.0,92755370.0,1683479856.0
184,184,0.0,0.0,0.0,93236187.0,1683480337.0
185,185,0.0,1.0,1.0,93297009.0,1683480398.0
186,186,1.0,0.0,0.0,93777892.0,1683480879.0
187,187,1.0,1.0,1.0,93838529.0,1683480940.0
188,188,2.0,0.0,0.0,94319355.0,1683481421.0
189,189,2.0,1.0,1.0,94380176.0,1683481481.0
190,190,3.0,0.0,0.0,94860982.0,1683481962.0
191,191,3.0,1.0,1.0,94922635.0,1683482023.0
192,192,0.0,0.0,0.0,95403724.0,1683482505.0
193,193,0.0,1.0,1.0,95465366.0,1683482566.0
194,194,1.0,0.0,0.0,95946223.0,1683483047.0
195,195,1.0,1.0,1.0,96007034.0,1683483108.0
196,196,2.0,0.0,0.0,96487743.0,1683483589.0
197,197,2.0,1.0,1.0,96548612.0,1683483650.0
198,198,3.0,0.0,0.0,97029248.0,1683484130.0
199,199,3.0,1.0,1.0,97089865.0,1683484191.0
200,200,0.0,0.0,0.0,97570738.0,1683484672.0
201,201,0.0,1.0,1.0,97631800.0,1683484733.0
202,202,1.0,0.0,0.0,98112577.0,1683485214.0
203,203,1.0,1.0,1.0,98173403.0,1683485275.0
204,204,2.0,0.0,0.0,98654328.0,1683485755.0
205,205,2.0,1.0,1.0,98714962.0,1683485816.0
206,206,3.0,0.0,0.0,99195731.0,1683486297.0
207,207,3.0,1.0,1.0,99256703.0,1683486358.0
208,208,0.0,0.0,0.0,99737344.0,1683486839.0
209,209,0.0,1.0,1.0,99797956.0,1683486899.0
210,210,1.0,0.0,0.0,100278729.0,1683487380.0
211,211,1.0,1.0,1.0,100339349.0,1683487441.0
212,212,2.0,0.0,0.0,100820033.0,1683487921.0
213,213,2.0,1.0,1.0,100880663.0,1683487982.0
214,214,3.0,0.0,0.0,101361345.0,1683488463.0
215,215,3.0,1.0,1.0,101422373.0,1683488524.0
216,216,0.0,0.0,0.0,101903312.0,1683489004.0
217,217,0.0,1.0,1.0,101964173.0,1683489065.0
218,218,1.0,0.0,0.0,102444823.0,1683489546.0
219,219,1.0,1.0,1.0,102505652.0,1683489607.0
220,220,2.0,0.0,0.0,102986619.0,1683490088.0
221,221,2.0,1.0,1.0,103047464.0,1683490149.0
222,222,3.0,0.0,0.0,103528326.0,1683490630.0
223,223,3.0,1.0,1.0,103589098.0,1683490690.0
224,224,0.0,0.0,0.0,104069719.0,1683491171.0
225,225,0.0,1.0,1.0,104130543.0,1683491232.0
226,226,1.0,0.0,0.0,104611221.0,1683491712.0
227,227,1.0,1.0,1.0,104671847.0,1683491773.0
228,228,2.0,0.0,0.0,105152510.0,1683492254.0
229,229,2.0,1.0,1.0,105213332.0,1683492314.0
230,230,3.0,0.0,0.0,105694007.0,1683492795.0
231,231,3.0,1.0,1.0,105754629.0,1683492856.0
232,232,0.0,0.0,0.0,106235324.0,1683493336.0
233,233,0.0,1.0,1.0,106296232.0,1683493397.0
234,234,1.0,0.0,0.0,106777088.0,1683493878.0
235,235,1.0,1.0,1.0,106837913.0,1683493939.0
236,236,2.0,0.0,0.0,107318901.0,1683494420.0
237,237,2.0,1.0,1.0,107379537.0,1683494481.0
238,238,3.0,0.0,0.0,107860197.0,1683494961.0
239,239,3.0,1.0,1.0,107920820.0,1683495022.0
240,240,0.0,0.0,0.0,108401693.0,1683495503.0
241,241,0.0,1.0,1.0,108462537.0,1683495564.0
242,242,1.0,0.0,0.0,108943205.0,1683496044.0
243,243,1.0,1.0,1.0,109003923.0,1683496105.0
244,244,2.0,0.0,0.0,109484587.0,1683496586.0
245,245,2.0,1.0,1.0,109545501.0,1683496646.0
246,246,3.0,0.0,0.0,110026196.0,1683497127.0
247,247,3.0,1.0,1.0,110086814.0,1683497188.0
248,248,0.0,0.0,0.0,110567777.0,1683497669.0
249,249,0.0,1.0,1.0,110628702.0,1683497730.0
250,250,1.0,0.0,0.0,111109407.0,1683498211.0
251,251,1.0,1.0,1.0,111170002.0,1683498271.0
252,252,2.0,0.0,0.0,111650686.0,1683498752.0
253,253,2.0,1.0,1.0,111711311.0,1683498812.0
254,254,3.0,0.0,0.0,112192373.0,1683499293.0
255,255,3.0,1.0,1.0,112253504.0,1683499354.0
256,256,0.0,0.0,0.0,112734342.0,1683499835.0
257,257,0.0,1.0,1.0,112795035.0,1683499896.0
258,258,1.0,0.0,0.0,113275688.0,1683500377.0
259,259,1.0,1.0,1.0,113336309.0,1683500437.0
260,260,2.0,0.0,0.0,113817272.0,2085978496.0
261,261,2.0,1.0,1.0,113877899.0,1683500979.0
262,262,3.0,0.0,0.0,114358784.0,1683501460.0
263,263,3.0,1.0,1.0,114419648.0,1683501521.0
264,264,0.0,0.0,0.0,114900676.0,1683502002.0
265,265,0.0,1.0,1.0,114961502.0,1683502063.0
266,266,1.0,0.0,0.0,115442180.0,1683502543.0
267,267,1.0,1.0,1.0,115502796.0,1683502604.0
268,268,2.0,0.0,0.0,115983469.0,1683503085.0
269,269,2.0,1.0,1.0,116044100.0,1683503145.0
270,270,3.0,0.0,0.0,116524783.0,1683503626.0
271,271,3.0,1.0,1.0,116585348.0,1683503686.0
272,272,0.0,0.0,0.0,117066054.0,1683504167.0
273,273,0.0,1.0,1.0,117129135.0,1683504230.0
274,274,1.0,0.0,0.0,117611587.0,1683504713.0
275,275,1.0,1.0,1.0,117672294.0,1683504773.0
276,276,2.0,0.0,0.0,118154945.0,1683505256.0
277,277,2.0,1.0,1.0,118216790.0,1683505318.0
278,278,3.0,0.0,0.0,118698726.0,1683505799.0
279,279,3.0,1.0,1.0,118761342.0,1683505862.0
280,280,0.0,0.0,0.0,119244320.0,1683506345.0
281,281,0.0,1.0,1.0,119308943.0,1683506409.0
282,282,1.0,0.0,0.0,119793628.0,1683506894.0
283,283,1.0,1.0,1.0,119854527.0,1683506955.0
284,284,2.0,0.0,0.0,120335310.0,1683507436.0
285,285,2.0,1.0,1.0,120396867.0,1683507498.0
286,286,3.0,0.0,0.0,120878752.0,1683507979.0
287,287,3.0,1.0,1.0,120941544.0,1683508042.0
288,288,0.0,0.0,0.0,121422313.0,1683508523.0
289,289,0.0,1.0,1.0,121483244.0,1683508584.0
290,290,1.0,0.0,0.0,121968117.0,1683509069.0
291,291,1.0,1.0,1.0,122029955.0,1683509131.0
292,292,2.0,0.0,0.0,122511145.0,1683509612.0
293,293,2.0,1.0,1.0,122571666.0,1683509673.0
294,294,3.0,0.0,0.0,123053249.0,1683510154.0
295,295,3.0,1.0,1.0,123114098.0,1683510215.0
296,296,0.0,0.0,0.0,123597285.0,1683510698.0
297,297,0.0,1.0,1.0,123660742.0,1683510762.0
298,298,1.0,0.0,0.0,124143820.0,1683511245.0
299,299,1.0,1.0,1.0,124208640.0,1683511310.0
300,300,2.0,0.0,0.0,124691112.0,1683511792.0
301,301,2.0,1.0,1.0,124752914.0,1683511854.0
302,302,3.0,0.0,0.0,125237384.0,1683512338.0
303,303,3.0,1.0,1.0,125298926.0,1683512400.0
304,304,0.0,0.0,0.0,125779566.0,1683512881.0
305,305,0.0,1.0,1.0,125841230.0,1683512942.0
306,306,1.0,0.0,0.0,126322957.0,1683513424.0
307,307,1.0,1.0,1.0,126385000.0,1683513486.0
308,308,2.0,0.0,0.0,126865668.0,1683513967.0
309,309,2.0,1.0,1.0,126926648.0,1683514027.0
310,310,3.0,0.0,0.0,127407632.0,1683514508.0
311,311,3.0,1.0,1.0,127468503.0,1683514569.0
312,312,0.0,0.0,0.0,127949056.0,1683515050.0
313,313,0.0,1.0,1.0,128009761.0,1683515111.0
314,314,1.0,0.0,0.0,128492413.0,1683515593.0
315,315,1.0,1.0,1.0,128553742.0,1683515655.0
316,316,2.0,0.0,0.0,129037281.0,1683516138.0
317,317,2.0,1.0,1.0,129100397.0,1683516201.0
318,318,3.0,0.0,0.0,129581095.0,1683516682.0
319,319,3.0,1.0,1.0,129641802.0,1683516743.0
320,320,0.0,0.0,0.0,130123011.0,1683517224.0
321,321,0.0,1.0,1.0,130185682.0,1683517287.0
322,322,1.0,0.0,0.0,130666959.0,1683517768.0
323,323,1.0,1.0,1.0,130727886.0,1683517829.0
324,324,2.0,0.0,0.0,131208565.0,1683518310.0
325,325,2.0,1.0,1.0,131269187.0,1683518370.0
326,326,3.0,0.0,0.0,131749858.0,1683518851.0
327,327,3.0,1.0,1.0,131810739.0,1683518912.0
328,328,0.0,0.0,0.0,132291751.0,1683519393.0
329,329,0.0,1.0,1.0,132352684.0,1683519453.0
330,330,1.0,0.0,0.0,132833526.0,1683519934.0
331,331,1.0,1.0,1.0,132894156.0,1683519995.0
332,332,2.0,0.0,0.0,133374869.0,1683520476.0
333,333,2.0,1.0,1.0,133435481.0,1683520536.0
334,334,3.0,0.0,0.0,133916452.0,1683521017.0
335,335,3.0,1.0,1.0,133977373.0,1683521078.0
336,336,0.0,0.0,0.0,134458362.0,1683521559.0
337,337,0.0,1.0,1.0,134519422.0,1683521620.0
338,338,1.0,0.0,0.0,135003248.0,1683522104.0
339,339,1.0,1.0,1.0,135063861.0,1683522165.0
340,340,2.0,0.0,0.0,135545781.0,1683522647.0
341,341,2.0,1.0,1.0,135609987.0,1683522711.0
342,342,3.0,0.0,0.0,136094959.0,1683523196.0
343,343,3.0,1.0,1.0,136157198.0,1683523258.0
344,344,0.0,0.0,0.0,136638801.0,1683523740.0
345,345,0.0,1.0,1.0,136700023.0,1683523801.0
346,346,1.0,0.0,0.0,137180773.0,1683524282.0
347,347,1.0,1.0,1.0,137241490.0,1683524342.0
348,348,2.0,0.0,0.0,137722699.0,1683524823.0
349,349,2.0,1.0,1.0,137783339.0,1683524884.0
350,350,3.0,0.0,0.0,138264234.0,1683525365.0
351,351,3.0,1.0,1.0,138325021.0,1683525426.0
352,352,0.0,0.0,0.0,138805713.0,1683525907.0
353,353,0.0,1.0,1.0,138866323.0,1683525967.0
354,354,1.0,0.0,0.0,139347290.0,1683526448.0
355,355,1.0,1.0,1.0,139408169.0,1683526509.0
356,356,2.0,0.0,0.0,139889133.0,1683526990.0
357,357,2.0,1.0,1.0,139950171.0,1683527051.0
358,358,3.0,0.0,0.0,140431410.0,1683527532.0
359,359,3.0,1.0,1.0,140492265.0,1683527593.0
360,360,0.0,0.0,0.0,140973216.0,1683528074.0
361,361,0.0,1.0,1.0,141034081.0,1683528135.0
362,362,1.0,0.0,0.0,141515025.0,1683528616.0
363,363,1.0,1.0,1.0,141575654.0,1683528677.0
364,364,2.0,0.0,0.0,142056332.0,1683529157.0
365,365,2.0,1.0,1.0,142116903.0,1683529218.0
366,366,3.0,0.0,0.0,142597644.0,1683529699.0
367,367,3.0,1.0,1.0,142658300.0,1683529759.0
368,368,0.0,0.0,0.0,143139009.0,1683530240.0
369,369,0.0,1.0,1.0,143199892.0,1683530301.0
370,370,1.0,0.0,0.0,143680750.0,1683530782.0
371,371,1.0,1.0,1.0,143741730.0,1683530842.0
372,372,2.0,0.0,0.0,144222603.0,1683531323.0
373,373,2.0,1.0,1.0,144283503.0,1683531384.0
374,374,3.0,0.0,0.0,144764346.0,1683531865.0
375,375,3.0,1.0,1.0,144825242.0,1683531926.0
376,376,0.0,0.0,0.0,145306220.0,1683532407.0
377,377,0.0,1.0,1.0,145367246.0,1683532468.0
378,378,1.0,0.0,0.0,145848326.0,1683532949.0
379,379,1.0,1.0,1.0,145909357.0,1683533010.0
380,380,2.0,0.0,0.0,146391154.0,1683533492.0
381,381,2.0,1.0,1.0,146452821.0,1683533553.0
382,382,3.0,0.0,0.0,146933877.0,1683534035.0
383,383,3.0,1.0,1.0,146994524.0,1683534095.0
384,384,0.0,0.0,0.0,147475196.0,1683534576.0
385,385,0.0,1.0,1.0,147535817.0,1683534637.0
386,386,1.0,0.0,0.0,148016773.0,1683535117.0
387,387,1.0,1.0,1.0,148078426.0,1683535178.0
388,388,2.0,0.0,0.0,148559107.0,1683535660.0
389,389,2.0,1.0,1.0,148619728.0,1683535721.0
390,390,3.0,0.0,0.0,149101237.0,1683536202.0
391,391,3.0,1.0,1.0,149164029.0,1683536265.0
392,392,0.0,0.0,0.0,149646726.0,1683536748.0
393,393,0.0,1.0,1.0,149708024.0,1683536809.0
394,394,1.0,0.0,0.0,150191059.0,1683537292.0
395,395,1.0,1.0,1.0,150254608.0,1683537355.0
396,396,2.0,0.0,0.0,150735326.0,1683537836.0
397,397,2.0,1.0,1.0,150797295.0,1683537898.0
398,398,3.0,0.0,0.0,151278672.0,1683538380.0
399,399,3.0,1.0,1.0,151340905.0,1683538442.0
400,400,0.0,0.0,0.0,151822342.0,1683538923.0
401,401,0.0,1.0,1.0,151883755.0,1683538985.0
402,402,1.0,0.0,0.0,152365775.0,1683539467.0
403,403,1.0,1.0,1.0,152428229.0,1683539529.0
404,404,2.0,0.0,0.0,152909054.0,1683540010.0
405,405,2.0,1.0,1.0,152969722.0,1683540071.0
406,406,3.0,0.0,0.0,153450532.0,1683540551.0
407,407,3.0,1.0,1.0,153511343.0,1683540612.0
408,408,0.0,0.0,0.0,153992087.0,1683541093.0
409,409,0.0,1.0,1.0,154052700.0,1683541154.0
410,410,1.0,0.0,0.0,154533700.0,1683541634.0
411,411,1.0,1.0,1.0,154594373.0,1683541695.0
412,412,2.0,0.0,0.0,155075452.0,1683542176.0
413,413,2.0,1.0,1.0,155136363.0,1683542237.0
414,414,3.0,0.0,0.0,155617378.0,1683542718.0
415,415,3.0,1.0,1.0,155678325.0,1683542779.0
416,416,0.0,0.0,0.0,156159423.0,1683543260.0
417,417,0.0,1.0,1.0,156220458.0,1683543321.0
418,418,1.0,0.0,0.0,156701208.0,1683543802.0
419,419,1.0,1.0,1.0,156761904.0,1683543863.0
420,420,2.0,0.0,0.0,157242621.0,1683544343.0
421,421,2.0,1.0,1.0,157303273.0,1683544404.0
422,422,3.0,0.0,0.0,157784408.0,1683544885.0
423,423,3.0,1.0,1.0,157845422.0,1683544946.0
424,424,0.0,0.0,0.0,158326137.0,1683545427.0
425,425,0.0,1.0,1.0,158387831.0,1683545488.0
426,426,1.0,0.0,0.0,158869102.0,1683545970.0
427,427,1.0,1.0,1.0,158930127.0,1683546031.0
428,428,2.0,0.0,0.0,159411483.0,1683546512.0
429,429,2.0,1.0,1.0,159472201.0,1683546573.0
430,430,3.0,0.0,0.0,159952846.0,1683547054.0
431,431,3.0,1.0,1.0,160013464.0,1683547114.0
432,432,0.0,0.0,0.0,160494314.0,1683547595.0
433,433,0.0,1.0,1.0,160555143.0,1683547656.0
434,434,1.0,0.0,0.0,161035922.0,1683548137.0
435,435,1.0,1.0,1.0,161096663.0,1683548197.0
436,436,2.0,0.0,0.0,161578735.0,1683548679.0
437,437,2.0,1.0,1.0,161641326.0,1683548742.0
438,438,3.0,0.0,0.0,162122732.0,1683549224.0
439,439,3.0,1.0,1.0,162185516.0,1683549286.0
440,440,0.0,0.0,0.0,162666460.0,1683549767.0
441,441,0.0,1.0,1.0,162727369.0,1683549828.0
442,442,1.0,0.0,0.0,163208104.0,1683550309.0
443,443,1.0,1.0,1.0,163269039.0,1683550370.0
444,444,2.0,0.0,0.0,163750391.0,1683550851.0
445,445,2.0,1.0,1.0,163811216.0,1683550912.0
446,446,3.0,0.0,0.0,164294044.0,1683551394.0
447,447,3.0,1.0,1.0,164357216.0,1683551457.0
448,448,0.0,0.0,0.0,164837898.0,1683551939.0
449,449,0.0,1.0,1.0,164898507.0,1683551999.0
450,450,1.0,0.0,0.0,165379588.0,1683552480.0
451,451,1.0,1.0,1.0,165443185.0,1683552544.0
452,452,2.0,0.0,0.0,165923859.0,1683553025.0
453,453,2.0,1.0,1.0,165985322.0,1683553086.0
454,454,3.0,0.0,0.0,166467291.0,1683553567.0
455,455,3.0,1.0,1.0,166530168.0,1683553631.0
456,456,0.0,0.0,0.0,167015027.0,1683554115.0
457,457,0.0,1.0,1.0,167078938.0,1683554180.0
458,458,1.0,0.0,0.0,167561162.0,1683554662.0
459,459,1.0,1.0,1.0,167622029.0,1683554723.0
460,460,2.0,0.0,0.0,168104188.0,1683555205.0
461,461,2.0,1.0,1.0,168165387.0,1683555266.0
462,462,3.0,0.0,0.0,168648272.0,1683555749.0
463,463,3.0,1.0,1.0,168710789.0,1683555811.0
464,464,0.0,0.0,0.0,169193325.0,1683556294.0
465,465,0.0,1.0,1.0,169254970.0,1683556356.0
466,466,1.0,0.0,0.0,169738708.0,1683556839.0
467,467,1.0,1.0,1.0,169800059.0,1683556901.0
468,468,2.0,0.0,0.0,170282063.0,1683557383.0
469,469,2.0,1.0,1.0,170344718.0,1683557445.0
470,470,3.0,0.0,0.0,170828454.0,1683557929.0
471,471,3.0,1.0,1.0,170891440.0,1683557992.0
472,472,0.0,0.0,0.0,171377855.0,1683558478.0
473,473,0.0,1.0,1.0,171440429.0,1683558541.0
474,474,1.0,0.0,0.0,171923121.0,1683559023.0
475,475,1.0,1.0,1.0,171984905.0,1683559086.0
476,476,2.0,0.0,0.0,172467184.0,1683559568.0
477,477,2.0,1.0,1.0,172529567.0,1683559630.0
478,478,3.0,0.0,0.0,173011144.0,1683560112.0
479,479,3.0,1.0,1.0,173073097.0,1683560174.0
480,480,0.0,0.0,0.0,173554480.0,1683560655.0
481,481,0.0,1.0,1.0,173615929.0,1683560717.0
482,482,1.0,0.0,0.0,174097598.0,1683561198.0
483,483,1.0,1.0,1.0,174161711.0,1683561262.0
484,484,2.0,0.0,0.0,174644447.0,1683561745.0
485,485,2.0,1.0,1.0,174705975.0,1683561807.0
486,486,3.0,0.0,0.0,175188316.0,1683562289.0
487,487,3.0,1.0,1.0,175249416.0,1683562350.0
488,488,0.0,0.0,0.0,175730499.0,1683562831.0
489,489,0.0,1.0,1.0,175791939.0,1683562893.0
490,490,1.0,0.0,0.0,176273338.0,1683563374.0
491,491,1.0,1.0,1.0,176336420.0,1683563437.0
492,492,2.0,0.0,0.0,176818610.0,1683563919.0
493,493,2.0,1.0,1.0,176885982.0,1683563986.0
494,494,3.0,0.0,0.0,177367281.0,1683564468.0
495,495,3.0,1.0,1.0,177429585.0,1683564530.0
496,496,0.0,0.0,0.0,177912561.0,1683565013.0
497,497,0.0,1.0,1.0,177975128.0,1683565075.0
498,498,1.0,0.0,0.0,178457451.0,1683565558.0
499,499,1.0,1.0,1.0,178519879.0,1683565620.0
500,500,2.0,0.0,0.0,179000692.0,1683566101.0
501,501,2.0,1.0,1.0,179064426.0,1683566165.0
502,502,3.0,0.0,0.0,179545465.0,1683566646.0
503,503,3.0,1.0,1.0,179609030.0,1683566709.0
504,504,0.0,0.0,0.0,180091260.0,1683567192.0
505,505,0.0,1.0,1.0,180153304.0,1683567254.0
506,506,1.0,0.0,0.0,180635550.0,1683567736.0
507,507,1.0,1.0,1.0,180697865.0,1683567798.0
508,508,2.0,0.0,0.0,181179866.0,1683568280.0
509,509,2.0,1.0,1.0,181241943.0,1683568343.0
510,510,3.0,0.0,0.0,181725164.0,1683568826.0
511,511,3.0,1.0,1.0,181786192.0,1683568887.0
512,512,0.0,0.0,0.0,182268715.0,1683569369.0
513,513,0.0,1.0,1.0,182329966.0,1683569430.0
514,514,1.0,0.0,0.0,182811327.0,1683569912.0
515,515,1.0,1.0,1.0,182874713.0,1683569976.0
516,516,2.0,0.0,0.0,183357944.0,1683570458.0
517,517,2.0,1.0,1.0,183420111.0,1683570521.0
518,518,3.0,0.0,0.0,183900982.0,1683571002.0
519,519,3.0,1.0,1.0,183966041.0,1683571066.0
520,520,0.0,0.0,0.0,184446982.0,1683571548.0
521,521,0.0,1.0,1.0,184508002.0,1683571608.0
522,522,1.0,0.0,0.0,184988684.0,1683572089.0
523,523,1.0,1.0,1.0,185049304.0,1683572150.0
524,524,2.0,0.0,0.0,185529977.0,1683572631.0
525,525,2.0,1.0,1.0,185590605.0,1683572691.0
526,526,3.0,0.0,0.0,186071669.0,1683573172.0
527,527,3.0,1.0,1.0,186132802.0,1683573233.0
528,528,0.0,0.0,0.0,186613776.0,1683573714.0
529,529,0.0,1.0,1.0,186674624.0,1683573775.0
530,530,1.0,0.0,0.0,187155426.0,1683574256.0
531,531,1.0,1.0,1.0,187216141.0,1683574317.0
532,532,2.0,0.0,0.0,187697058.0,1683574798.0
533,533,2.0,1.0,1.0,187758009.0,1683574858.0
534,534,3.0,0.0,0.0,188239092.0,1683575340.0
535,535,3.0,1.0,1.0,188299979.0,1683575400.0
536,536,0.0,0.0,0.0,188781095.0,1683575882.0
537,537,0.0,1.0,1.0,188842024.0,1683575942.0
538,538,1.0,0.0,0.0,189322707.0,1683576423.0
539,539,1.0,1.0,1.0,189383325.0,1683576484.0
540,540,2.0,0.0,0.0,189864364.0,1683576965.0
541,541,2.0,1.0,1.0,189925391.0,1683577026.0
542,542,3.0,0.0,0.0,190406017.0,1683577507.0
543,543,3.0,1.0,1.0,190466628.0,1683577567.0
544,544,0.0,0.0,0.0,190947614.0,1683578048.0
545,545,0.0,1.0,1.0,191008235.0,1683578109.0
546,546,1.0,0.0,0.0,191488903.0,1683578590.0
547,547,1.0,1.0,1.0,191549520.0,1683578650.0
548,548,2.0,0.0,0.0,192030410.0,1683579131.0
549,549,2.0,1.0,1.0,192091328.0,1683579192.0
550,550,3.0,0.0,0.0,192572006.0,1683579673.0
551,551,3.0,1.0,1.0,192632626.0,1683579733.0
552,552,0.0,0.0,0.0,193113292.0,1683580214.0
553,553,0.0,1.0,1.0,193173908.0,1683580275.0
554,554,1.0,0.0,0.0,193655080.0,1683580756.0
555,555,1.0,1.0,1.0,193716014.0,1683580816.0
556,556,2.0,0.0,0.0,194196692.0,1683581297.0
557,557,2.0,1.0,1.0,194257325.0,1683581358.0
558,558,3.0,0.0,0.0,194737994.0,1683581839.0
559,559,3.0,1.0,1.0,194798565.0,1683581899.0
560,560,0.0,0.0,0.0,195279423.0,1683582380.0
561,561,0.0,1.0,1.0,195340114.0,1683582441.0
562,562,1.0,0.0,0.0,195821074.0,1683582921.0
563,563,1.0,1.0,1.0,195882205.0,1683582983.0
564,564,2.0,0.0,0.0,196362883.0,1683583463.0
565,565,2.0,1.0,1.0,196423503.0,1683583524.0
566,566,3.0,0.0,0.0,196904575.0,1683584005.0
567,567,3.0,1.0,1.0,196968271.0,1683584069.0
568,568,0.0,0.0,0.0,197449097.0,1683584550.0
569,569,0.0,1.0,1.0,197510178.0,1683584611.0
570,570,1.0,0.0,0.0,198002279.0,1683585103.0
571,571,1.0,1.0,1.0,198063453.0,1683585164.0
572,572,2.0,0.0,0.0,198544143.0,1683585645.0
573,573,2.0,1.0,1.0,198604758.0,1683585705.0
574,574,3.0,0.0,0.0,199756375.0,1683586857.0
575,575,3.0,1.0,1.0,199969150.0,1683587070.0
576,576,0.0,0.0,0.0,200449830.0,1683587550.0
577,577,0.0,1.0,1.0,200510441.0,1683587611.0
578,578,1.0,0.0,0.0,200991605.0,1683588092.0
579,579,1.0,1.0,1.0,201052410.0,1683588153.0
580,580,2.0,0.0,0.0,201533051.0,1683588634.0
581,581,2.0,1.0,1.0,201593775.0,1683588694.0
582,582,3.0,0.0,0.0,202074489.0,1683589175.0
583,583,3.0,1.0,1.0,202135133.0,1683589236.0
584,584,0.0,0.0,0.0,202718758.0,1683589819.0
585,585,0.0,1.0,1.0,202779737.0,1683589880.0
586,586,1.0,0.0,0.0,203306129.0,1683590407.0
587,587,1.0,1.0,1.0,203575041.0,1683590675.0
588,588,2.0,0.0,0.0,204055897.0,1683591156.0
589,589,2.0,1.0,1.0,204116416.0,1683591217.0
590,590,3.0,0.0,0.0,204597057.0,1683591698.0
591,591,3.0,1.0,1.0,204657691.0,1683591758.0
592,592,0.0,0.0,0.0,205138352.0,1683592239.0
593,593,0.0,1.0,1.0,205198967.0,1683592299.0
594,594,1.0,0.0,0.0,205679822.0,1683592780.0
595,595,1.0,1.0,1.0,205740642.0,1683592841.0
596,596,2.0,0.0,0.0,206221740.0,1683593322.0
597,597,2.0,1.0,1.0,206282775.0,1683593383.0
598,598,3.0,0.0,0.0,206763460.0,1683593864.0
599,599,3.0,1.0,1.0,206824250.0,1683593925.0
600,600,0.0,0.0,0.0,207305093.0,1683594406.0
601,601,0.0,1.0,1.0,207366140.0,1683594467.0
602,602,1.0,0.0,0.0,207846958.0,1683594947.0
603,603,1.0,1.0,1.0,207907559.0,1683595008.0
604,604,2.0,0.0,0.0,208388554.0,1683595489.0
605,605,2.0,1.0,1.0,208449476.0,1683595550.0
606,606,3.0,0.0,0.0,208930446.0,1683596031.0
607,607,3.0,1.0,1.0,208991380.0,1683596092.0
608,608,0.0,0.0,0.0,209472361.0,1683596573.0
609,609,0.0,1.0,1.0,209533495.0,1683596634.0
610,610,1.0,0.0,0.0,210014881.0,1683597115.0
611,611,1.0,1.0,1.0,210075816.0,1683597176.0
612,612,2.0,0.0,0.0,210556999.0,1683597657.0
613,613,2.0,1.0,1.0,210617713.0,1683597718.0
614,614,3.0,0.0,0.0,211099431.0,1683598199.0
615,615,3.0,1.0,1.0,211160349.0,1683598261.0
616,616,0.0,0.0,0.0,211641625.0,1683598742.0
617,617,0.0,1.0,1.0,211702263.0,1683598803.0
618,618,1.0,0.0,0.0,212182963.0,1683599283.0
619,619,1.0,1.0,1.0,212243656.0,1683599344.0
620,620,2.0,0.0,0.0,212724619.0,1683599825.0
621,621,2.0,1.0,1.0,212785437.0,1683599886.0
622,622,3.0,0.0,0.0,213266424.0,1683600367.0
623,623,3.0,1.0,1.0,213327303.0,1683600428.0
624,624,0.0,0.0,0.0,213808433.0,1683600909.0
625,625,0.0,1.0,1.0,213869572.0,1683600970.0
626,626,1.0,0.0,0.0,214350423.0,1683601451.0
627,627,1.0,1.0,1.0,214411376.0,1683601512.0
628,628,2.0,0.0,0.0,214892348.0,1683601993.0
629,629,2.0,1.0,1.0,214953193.0,1683602054.0
630,630,3.0,0.0,0.0,215434159.0,1683602534.0
631,631,3.0,1.0,1.0,215495025.0,1683602595.0
632,632,0.0,0.0,0.0,215975672.0,1683603076.0
633,633,0.0,1.0,1.0,216036295.0,1683603137.0
634,634,1.0,0.0,0.0,216517454.0,1683603618.0
635,635,1.0,1.0,1.0,216578487.0,1683603679.0
636,636,2.0,0.0,0.0,217059183.0,1683604160.0
637,637,2.0,1.0,1.0,217119806.0,1683604220.0
638,638,3.0,0.0,0.0,217600460.0,1683604701.0
639,639,3.0,1.0,1.0,217662623.0,1683604763.0
640,640,0.0,0.0,0.0,218143604.0,1683605244.0
641,641,0.0,1.0,1.0,218204515.0,1683605305.0
642,642,1.0,0.0,0.0,218685228.0,1683605786.0
643,643,1.0,1.0,1.0,218745926.0,1683605846.0
644,644,2.0,0.0,0.0,219229360.0,1683606330.0
645,645,2.0,1.0,1.0,219290650.0,1683606391.0
646,646,3.0,0.0,0.0,219771782.0,1683606872.0
647,647,3.0,1.0,1.0,219832504.0,1683606933.0
648,648,0.0,0.0,0.0,220313185.0,1683607414.0
649,649,0.0,1.0,1.0,220373827.0,1683607474.0
650,650,1.0,0.0,0.0,220854469.0,1683607955.0
651,651,1.0,1.0,1.0,220915080.0,1683608015.0
652,652,2.0,0.0,0.0,221395851.0,1683608496.0
653,653,2.0,1.0,1.0,221456884.0,1683608557.0
654,654,3.0,0.0,0.0,221937965.0,1683609038.0
655,655,3.0,1.0,1.0,221998890.0,1683609099.0
656,656,0.0,0.0,0.0,222479674.0,1683609580.0
657,657,0.0,1.0,1.0,222540595.0,1683609641.0
658,658,1.0,0.0,0.0,223021282.0,1683610122.0
659,659,1.0,1.0,1.0,223081998.0,1683610182.0
660,660,2.0,0.0,0.0,223562959.0,1683610663.0
661,661,2.0,1.0,1.0,223624302.0,1683610725.0
662,662,3.0,0.0,0.0,224105377.0,1683611206.0
663,663,3.0,1.0,1.0,224166410.0,1683611267.0
664,664,0.0,0.0,0.0,224647597.0,1683611748.0
665,665,0.0,1.0,1.0,224708520.0,1683611809.0
666,666,1.0,0.0,0.0,225189601.0,1683612290.0
667,667,1.0,1.0,1.0,225250526.0,1683612351.0
668,668,2.0,0.0,0.0,225731225.0,1683612832.0
669,669,2.0,1.0,1.0,225791945.0,1683612892.0
670,670,3.0,0.0,0.0,226273005.0,1683613373.0
671,671,3.0,1.0,1.0,226334244.0,1683613434.0
672,672,0.0,0.0,0.0,226814932.0,1683613915.0
673,673,0.0,1.0,1.0,226875553.0,1683613976.0
674,674,1.0,0.0,0.0,227356516.0,1683614457.0
675,675,1.0,1.0,1.0,227417443.0,1683614518.0
676,676,2.0,0.0,0.0,227898523.0,1683614999.0
677,677,2.0,1.0,1.0,227959551.0,1683615060.0
678,678,3.0,0.0,0.0,228443433.0,1683615544.0
679,679,3.0,1.0,1.0,228508299.0,1683615609.0
680,680,0.0,0.0,0.0,228989030.0,1683616089.0
681,681,0.0,1.0,1.0,229049819.0,1683616150.0
682,682,1.0,0.0,0.0,229530694.0,1683616631.0
683,683,1.0,1.0,1.0,229592753.0,1683616692.0
684,684,2.0,0.0,0.0,230073490.0,1683617174.0
685,685,2.0,1.0,1.0,230136514.0,1683617237.0
686,686,3.0,0.0,0.0,230619142.0,1683617719.0
687,687,3.0,1.0,1.0,230681393.0,1683617782.0
688,688,0.0,0.0,0.0,231162348.0,1683618263.0
689,689,0.0,1.0,1.0,231223285.0,1683618323.0
690,690,1.0,0.0,0.0,231704258.0,1683618804.0
691,691,1.0,1.0,1.0,231765189.0,1683618865.0
692,692,2.0,0.0,0.0,232245933.0,1683619346.0
693,693,2.0,1.0,1.0,232306489.0,1683619407.0
694,694,3.0,0.0,0.0,232788213.0,1683619889.0
695,695,3.0,1.0,1.0,232848839.0,1683619949.0
696,696,0.0,0.0,0.0,233330658.0,1683620431.0
697,697,0.0,1.0,1.0,233392294.0,1683620492.0
698,698,1.0,0.0,0.0,233872934.0,1683620973.0
699,699,1.0,1.0,1.0,233933958.0,1683621034.0
700,700,2.0,0.0,0.0,234421472.0,1683621522.0
701,701,2.0,1.0,1.0,234485797.0,1683621586.0
702,702,3.0,0.0,0.0,234968715.0,1683622068.0
703,703,3.0,1.0,1.0,235034571.0,1683622134.0
704,704,0.0,0.0,0.0,235515525.0,1683622616.0
705,705,0.0,1.0,1.0,235579584.0,1683622680.0
706,706,1.0,0.0,0.0,236063286.0,1683623164.0
707,707,1.0,1.0,1.0,236124894.0,1683623225.0
708,708,2.0,0.0,0.0,236609269.0,1683623709.0
709,709,2.0,1.0,1.0,236672910.0,1683623773.0
710,710,3.0,0.0,0.0,237154872.0,1683624255.0
711,711,3.0,1.0,1.0,237216927.0,1683624316.0
712,712,0.0,0.0,0.0,237698844.0,1683624799.0
713,713,0.0,1.0,1.0,237760277.0,1683624861.0
714,714,1.0,0.0,0.0,238241409.0,1683625342.0
715,715,1.0,1.0,1.0,238304836.0,1683625405.0
716,716,2.0,0.0,0.0,238785738.0,1683625886.0
717,717,2.0,1.0,1.0,238847459.0,1683625948.0
718,718,3.0,0.0,0.0,239328765.0,1683626429.0
719,719,3.0,1.0,1.0,239390907.0,1683626491.0
720,720,0.0,0.0,0.0,239872802.0,1683626972.0
721,721,0.0,1.0,1.0,239934867.0,1683627034.0
722,722,1.0,0.0,0.0,240417256.0,1683627518.0
723,723,1.0,1.0,1.0,240479343.0,1683627580.0
724,724,2.0,0.0,0.0,240962824.0,1683628063.0
725,725,2.0,1.0,1.0,241024925.0,1683628125.0
726,726,3.0,0.0,0.0,241508752.0,1683628609.0
727,727,3.0,1.0,1.0,241572141.0,1683628673.0
728,728,0.0,0.0,0.0,242070558.0,1683629171.0
729,729,0.0,1.0,1.0,242159596.0,1683629260.0
730,730,1.0,0.0,0.0,242643916.0,1683629744.0
731,731,1.0,1.0,1.0,242705962.0,1683629806.0
732,732,2.0,0.0,0.0,243187591.0,1683630288.0
733,733,2.0,1.0,1.0,243253956.0,1683630354.0
734,734,3.0,0.0,0.0,243736538.0,1683630837.0
735,735,3.0,1.0,1.0,243798582.0,1683630899.0
736,736,0.0,0.0,0.0,244280412.0,1683631381.0
737,737,0.0,1.0,1.0,244343643.0,1683631444.0
738,738,1.0,0.0,0.0,244828925.0,1683631929.0
739,739,1.0,1.0,1.0,244891699.0,1683631992.0
740,740,2.0,0.0,0.0,245373884.0,1683632474.0
741,741,2.0,1.0,1.0,245436604.0,1683632537.0
742,742,3.0,0.0,0.0,245917437.0,1683633018.0
743,743,3.0,1.0,1.0,245979545.0,1683633080.0
744,744,0.0,0.0,0.0,246477369.0,1683633578.0
745,745,0.0,1.0,1.0,246540548.0,1683633641.0
746,746,1.0,0.0,0.0,247022558.0,1683634123.0
747,747,1.0,1.0,1.0,247086038.0,1683634186.0
748,748,2.0,0.0,0.0,247568247.0,1683634668.0
749,749,2.0,1.0,1.0,247629891.0,1683634730.0
750,750,3.0,0.0,0.0,248111894.0,1683635212.0
751,751,3.0,1.0,1.0,248174155.0,1683635274.0
752,752,0.0,0.0,0.0,248656165.0,1683635756.0
753,753,0.0,1.0,1.0,248718022.0,1683635818.0
754,754,1.0,0.0,0.0,249203067.0,1683636303.0
755,755,1.0,1.0,1.0,249267501.0,1683636368.0
756,756,3.0,0.0,0.0,251220897.0,1683638321.0
757,757,3.0,1.0,1.0,251286223.0,1683638386.0
758,758,0.0,0.0,0.0,251773158.0,1683638873.0
759,759,0.0,1.0,1.0,251840570.0,1683638941.0
760,760,1.0,0.0,0.0,252321804.0,1683639422.0
761,761,1.0,1.0,1.0,252389285.0,1683639489.0
762,762,2.0,0.0,0.0,252873839.0,1683639974.0
763,763,2.0,1.0,1.0,252936517.0,1683640036.0
764,764,3.0,0.0,0.0,253419353.0,1683640520.0
765,765,3.0,1.0,1.0,253482019.0,1683640582.0
766,766,0.0,0.0,0.0,253963809.0,1683641064.0
767,767,0.0,1.0,1.0,254025657.0,1683641126.0
768,768,1.0,0.0,0.0,254506847.0,1683641607.0
769,769,1.0,1.0,1.0,254569210.0,1683641669.0
770,770,2.0,0.0,0.0,255051678.0,1683642152.0
771,771,2.0,1.0,1.0,255112855.0,1683642213.0
772,772,3.0,0.0,0.0,255597823.0,1683642698.0
773,773,3.0,1.0,1.0,255661109.0,1683642761.0
774,774,0.0,0.0,0.0,256144451.0,1683643245.0
775,775,0.0,1.0,1.0,256208555.0,1683643309.0
776,776,1.0,0.0,0.0,256690177.0,1683643790.0
777,777,1.0,1.0,1.0,256755760.0,1683643856.0
778,778,2.0,0.0,0.0,257242188.0,1683644342.0
779,779,2.0,1.0,1.0,257305981.0,1683644405.0
780,780,3.0,0.0,0.0,257787678.0,1683644888.0
781,781,3.0,1.0,1.0,257849324.0,1683644949.0
782,782,0.0,0.0,0.0,258331617.0,1683645431.0
783,783,0.0,1.0,1.0,258393565.0,1683645493.0
784,784,1.0,0.0,0.0,258874656.0,1683645975.0
785,785,1.0,1.0,1.0,258936196.0,1683646036.0
786,786,2.0,0.0,0.0,259418934.0,1683646519.0
787,787,2.0,1.0,1.0,259480163.0,1683646580.0
788,788,3.0,0.0,0.0,259961033.0,1683647061.0
789,789,3.0,1.0,1.0,260022757.0,1683647123.0
790,790,0.0,0.0,0.0,260505503.0,1683647605.0
791,791,0.0,1.0,1.0,260567677.0,1683647668.0
792,792,1.0,0.0,0.0,261049361.0,1683648149.0
793,793,1.0,1.0,1.0,261110984.0,1683648211.0
794,794,2.0,0.0,0.0,261592901.0,1683648693.0
795,795,2.0,1.0,1.0,261653914.0,1683648754.0
796,796,3.0,0.0,0.0,262137033.0,1683649237.0
797,797,3.0,1.0,1.0,262201145.0,1683649301.0
798,798,0.0,0.0,0.0,262683802.0,1683649784.0
799,799,0.0,1.0,1.0,262745022.0,1683649845.0
800,800,1.0,0.0,0.0,263228604.0,1683650329.0
801,801,1.0,1.0,1.0,263290516.0,1683650391.0
802,802,2.0,0.0,0.0,263772129.0,1683650872.0
803,803,2.0,1.0,1.0,263833276.0,1683650933.0
804,804,3.0,0.0,0.0,264315886.0,1683651416.0
805,805,3.0,1.0,1.0,264377910.0,1683651478.0
806,806,0.0,0.0,0.0,264865220.0,1683651964.0
807,807,0.0,1.0,1.0,264928597.0,1683652028.0
808,808,1.0,0.0,0.0,265410397.0,1683652510.0
809,809,1.0,1.0,1.0,265471743.0,1683652571.0
810,810,2.0,0.0,0.0,265956135.0,1683653056.0
811,811,2.0,1.0,1.0,266017812.0,1683653118.0
812,812,3.0,0.0,0.0,266500922.0,1683653601.0
813,813,3.0,1.0,1.0,266562839.0,1683653663.0
814,814,0.0,0.0,0.0,267046601.0,1683654147.0
815,815,0.0,1.0,1.0,267109246.0,1683654209.0
816,816,1.0,0.0,0.0,267590820.0,1683654690.0
817,817,1.0,1.0,1.0,267653109.0,1683654753.0
818,818,2.0,0.0,0.0,268136225.0,1683655236.0
819,819,2.0,1.0,1.0,268197876.0,1683655298.0
820,820,3.0,0.0,0.0,268679862.0,1683655780.0
821,821,3.0,1.0,1.0,268740742.0,1683655841.0
822,822,0.0,0.0,0.0,269222492.0,1683656323.0
823,823,0.0,1.0,1.0,269285865.0,1683656386.0
824,824,1.0,0.0,0.0,269770212.0,1683656870.0
825,825,1.0,1.0,1.0,269833944.0,1683656934.0
826,826,2.0,0.0,0.0,270317259.0,1683657417.0
827,827,2.0,1.0,1.0,270381865.0,1683657481.0
828,828,3.0,0.0,0.0,270864276.0,1683657964.0
829,829,3.0,1.0,1.0,270925825.0,1683658026.0
830,830,0.0,0.0,0.0,271409052.0,1683658509.0
831,831,0.0,1.0,1.0,271471105.0,1683658571.0
832,832,1.0,0.0,0.0,271951969.0,1683659052.0
833,833,1.0,1.0,1.0,272013421.0,1683659113.0
834,834,2.0,0.0,0.0,272497798.0,1683659597.0
835,835,2.0,1.0,1.0,272560144.0,1683659660.0
836,836,3.0,0.0,0.0,273042175.0,1683660142.0
837,837,3.0,1.0,1.0,273103617.0,1683660204.0
838,838,0.0,0.0,0.0,273586767.0,1683660687.0
839,839,0.0,1.0,1.0,273648494.0,1683660749.0
840,840,1.0,0.0,0.0,274130809.0,1683661231.0
841,841,1.0,1.0,1.0,274193223.0,1683661293.0
842,842,2.0,0.0,0.0,274675718.0,1683661776.0
843,843,2.0,1.0,1.0,274737872.0,1683661838.0
844,844,3.0,0.0,0.0,275220726.0,1683662321.0
845,845,3.0,1.0,1.0,275284532.0,1683662384.0
846,846,0.0,0.0,0.0,275765428.0,1683662865.0
847,847,0.0,1.0,1.0,275826772.0,1683662927.0
848,848,1.0,0.0,0.0,276308048.0,1683663408.0
849,849,1.0,1.0,1.0,276371332.0,1683663471.0
850,850,2.0,0.0,0.0,276855477.0,1683663955.0
851,851,2.0,1.0,1.0,276918229.0,1683664018.0
852,852,3.0,0.0,0.0,277402711.0,1683664503.0
853,853,3.0,1.0,1.0,277463845.0,1683664564.0
854,854,0.0,0.0,0.0,277946448.0,1683665046.0
855,855,0.0,1.0,1.0,278009015.0,1683665108.0
856,856,1.0,0.0,0.0,278490406.0,1683665590.0
857,857,1.0,1.0,1.0,278551168.0,1683665651.0
858,858,2.0,0.0,0.0,279033652.0,1683666134.0
859,859,2.0,1.0,1.0,279098376.0,1683666198.0
860,860,3.0,0.0,0.0,279581889.0,1683666682.0
861,861,3.0,1.0,1.0,279643654.0,1683666744.0
862,862,0.0,0.0,0.0,280125239.0,1683667225.0
863,863,0.0,1.0,1.0,280185781.0,1683667286.0
864,864,1.0,0.0,0.0,280668157.0,1683667768.0
865,865,1.0,1.0,1.0,280729693.0,1683667830.0
866,866,2.0,0.0,0.0,281210667.0,1683668311.0
867,867,2.0,1.0,1.0,281272242.0,1683668372.0
868,868,3.0,0.0,0.0,281754985.0,1683668855.0
869,869,3.0,1.0,1.0,281817676.0,1683668918.0
870,870,0.0,0.0,0.0,282301882.0,1683669402.0
871,871,0.0,1.0,1.0,282363602.0,1683669463.0
872,872,1.0,0.0,0.0,282844610.0,1683669945.0
873,873,1.0,1.0,1.0,282907276.0,1683670007.0
874,874,2.0,0.0,0.0,283388866.0,1683670489.0
875,875,2.0,1.0,1.0,283451951.0,1683670552.0
876,876,3.0,0.0,0.0,283934158.0,1683671034.0
877,877,3.0,1.0,1.0,284000197.0,1683671100.0
878,878,0.0,0.0,0.0,284483684.0,1683671584.0
879,879,0.0,1.0,1.0,284546414.0,1683671647.0
880,880,1.0,0.0,0.0,285029234.0,1683672129.0
881,881,1.0,1.0,1.0,285092411.0,1683672192.0
882,882,2.0,0.0,0.0,285574928.0,1683672675.0
883,883,2.0,1.0,1.0,285638005.0,1683672738.0
884,884,3.0,0.0,0.0,286120964.0,1683673221.0
885,885,3.0,1.0,1.0,286184422.0,1683673284.0
886,886,0.0,0.0,0.0,286668483.0,1683673768.0
887,887,0.0,1.0,1.0,286729509.0,1683673829.0
888,888,1.0,0.0,0.0,287210355.0,1683674310.0
889,889,1.0,1.0,1.0,287271925.0,1683674372.0
890,890,2.0,0.0,0.0,287754420.0,1683674855.0
891,891,2.0,1.0,1.0,287816164.0,1683674916.0
892,892,3.0,0.0,0.0,288296847.0,1683675397.0
893,893,3.0,1.0,1.0,288358392.0,1683675458.0
894,894,0.0,0.0,0.0,288843068.0,1683675943.0
895,895,0.0,1.0,1.0,288906346.0,1683676006.0
896,896,1.0,0.0,0.0,289387834.0,1683676488.0
897,897,1.0,1.0,1.0,289449887.0,1683676550.0
898,898,2.0,0.0,0.0,289930673.0,1683677031.0
899,899,2.0,1.0,1.0,289996722.0,1683677097.0
900,900,3.0,0.0,0.0,290477817.0,1683677578.0
901,901,3.0,1.0,1.0,290542008.0,1683677642.0
902,902,0.0,0.0,0.0,291024103.0,1683678123.0
903,903,0.0,1.0,1.0,291087511.0,1683678187.0
904,904,1.0,0.0,0.0,291571553.0,1683678672.0
905,905,1.0,1.0,1.0,291637578.0,1683678737.0
906,906,2.0,0.0,0.0,292120438.0,1683679220.0
907,907,2.0,1.0,1.0,292182152.0,1683679282.0
908,908,3.0,0.0,0.0,292664661.0,1683679764.0
909,909,3.0,1.0,1.0,292731529.0,1683679831.0
910,910,0.0,0.0,0.0,293213091.0,1683680313.0
911,911,0.0,1.0,1.0,293275069.0,1683680375.0
912,912,1.0,0.0,0.0,293757291.0,1683680857.0
913,913,1.0,1.0,1.0,293820283.0,1683680920.0
914,914,2.0,0.0,0.0,294301670.0,1683681402.0
915,915,2.0,1.0,1.0,294363510.0,1683681463.0
916,916,3.0,0.0,0.0,294844890.0,1683681945.0
917,917,3.0,1.0,1.0,294911648.0,1683682011.0
918,918,0.0,0.0,0.0,295392618.0,1683682492.0
919,919,0.0,1.0,1.0,295453530.0,1683682553.0
920,920,1.0,0.0,0.0,295934390.0,1683683034.0
921,921,1.0,1.0,1.0,295995454.0,1683683095.0
922,922,2.0,0.0,0.0,296476635.0,1683683576.0
923,923,2.0,1.0,1.0,296537521.0,1683683637.0
924,924,3.0,0.0,0.0,297018849.0,1683684119.0
925,925,3.0,1.0,1.0,297079650.0,1683684179.0
926,926,0.0,0.0,0.0,297560254.0,1683684660.0
927,927,0.0,1.0,1.0,297621059.0,1683684721.0
928,928,1.0,0.0,0.0,298102047.0,1683685202.0
929,929,1.0,1.0,1.0,298162980.0,1683685263.0
930,930,2.0,0.0,0.0,298643847.0,1683685744.0
931,931,2.0,1.0,1.0,298704777.0,1683685805.0
932,932,3.0,0.0,0.0,299185565.0,1683686285.0
933,933,3.0,1.0,1.0,299247215.0,1683686347.0
934,934,0.0,0.0,0.0,299729544.0,1683686829.0
935,935,0.0,1.0,1.0,299790303.0,1683686890.0
936,936,1.0,0.0,0.0,300271082.0,1683687371.0
937,937,1.0,1.0,1.0,300331974.0,1683687432.0
938,938,2.0,0.0,0.0,300813243.0,1683687913.0
939,939,2.0,1.0,1.0,300878065.0,1683687978.0
940,940,3.0,0.0,0.0,301359447.0,1683688459.0
941,941,3.0,1.0,1.0,301420079.0,1683688520.0
942,942,0.0,0.0,0.0,301903340.0,1683689003.0
943,943,0.0,1.0,1.0,301963919.0,1683689064.0
944,944,1.0,0.0,0.0,302445093.0,1683689545.0
945,945,1.0,1.0,1.0,302508072.0,1683689608.0
946,946,2.0,0.0,0.0,302990778.0,1683690090.0
947,947,2.0,1.0,1.0,303051942.0,1683690152.0
948,948,3.0,0.0,0.0,303532991.0,1683690633.0
949,949,3.0,1.0,1.0,303594453.0,1683690694.0
950,950,0.0,0.0,0.0,304075519.0,1683691175.0
951,951,0.0,1.0,1.0,304136385.0,1683691236.0
952,952,1.0,0.0,0.0,304617033.0,1683691717.0
953,953,1.0,1.0,1.0,304677675.0,1683691778.0
954,954,2.0,0.0,0.0,305158220.0,1683692258.0
955,955,2.0,1.0,1.0,305219785.0,1683692320.0
956,956,3.0,0.0,0.0,305703789.0,1683692804.0
957,957,3.0,1.0,1.0,305764468.0,1683692864.0
958,958,0.0,0.0,0.0,306245301.0,1683693345.0
959,959,0.0,1.0,1.0,306305935.0,1683693406.0
960,960,1.0,0.0,0.0,306786588.0,1683693886.0
961,961,1.0,1.0,1.0,306847835.0,1683693948.0
962,962,2.0,0.0,0.0,307328499.0,1683694428.0
963,963,2.0,1.0,1.0,307389525.0,1683694489.0
964,964,3.0,0.0,0.0,307872875.0,1683694973.0
965,965,3.0,1.0,1.0,307934469.0,1683695034.0
966,966,0.0,0.0,0.0,308415292.0,1683695515.0
967,967,0.0,1.0,1.0,308476112.0,1683695576.0
968,968,1.0,0.0,0.0,308956918.0,1683696057.0
969,969,1.0,1.0,1.0,309018520.0,1683696118.0
970,970,2.0,0.0,0.0,309499599.0,1683696599.0
971,971,2.0,1.0,1.0,309560390.0,1683696660.0
972,972,3.0,0.0,0.0,310041123.0,1683697141.0
973,973,3.0,1.0,1.0,310101647.0,1683697201.0
974,974,0.0,0.0,0.0,310582565.0,1683697682.0
975,975,0.0,1.0,1.0,310643464.0,1683697743.0
976,976,1.0,0.0,0.0,311124217.0,1683698224.0
977,977,1.0,1.0,1.0,311184834.0,1683698285.0
978,978,2.0,0.0,0.0,311665494.0,1683698765.0
979,979,2.0,1.0,1.0,311726133.0,1683698826.0
980,980,3.0,0.0,0.0,312207064.0,1683699307.0
981,981,3.0,1.0,1.0,312267900.0,1683699368.0
982,982,0.0,0.0,0.0,312748628.0,1683699848.0
983,983,0.0,1.0,1.0,312809546.0,1683699909.0
984,984,1.0,0.0,0.0,313290407.0,1683700390.0
985,985,1.0,1.0,1.0,313351179.0,1683700451.0
986,986,2.0,0.0,0.0,313833023.0,1683700932.0
987,987,2.0,1.0,1.0,313894906.0,1683700994.0
988,988,3.0,0.0,0.0,314375557.0,1683701475.0
989,989,3.0,1.0,1.0,314436133.0,1683701536.0
990,990,0.0,0.0,0.0,314916920.0,1683702017.0
991,991,0.0,1.0,1.0,314977694.0,1683702077.0
992,992,1.0,0.0,0.0,315458441.0,1683702558.0
993,993,1.0,1.0,1.0,315519053.0,1683702619.0
994,994,2.0,0.0,0.0,315999774.0,1683703100.0
995,995,2.0,1.0,1.0,316060451.0,1683703160.0
996,996,3.0,0.0,0.0,316541775.0,1683703641.0
997,997,3.0,1.0,1.0,316603475.0,1683703702.0
998,998,0.0,0.0,0.0,317084445.0,1683704184.0
999,999,0.0,1.0,1.0,317145315.0,1683704245.0
1000,1000,1.0,0.0,0.0,317627024.0,1683704726.0
1001,1001,1.0,1.0,1.0,317688722.0,1683704788.0
1002,1002,2.0,0.0,0.0,318170415.0,1683705270.0
1003,1003,2.0,1.0,1.0,318232072.0,1683705332.0
1004,1004,3.0,0.0,0.0,318713235.0,1683705813.0
1005,1005,3.0,1.0,1.0,318774161.0,1683705874.0
1006,1006,0.0,0.0,0.0,319255244.0,1683706355.0
1007,1007,0.0,1.0,1.0,319316170.0,1683706416.0
1008,1008,1.0,0.0,0.0,319797157.0,1683706897.0
1009,1009,1.0,1.0,1.0,319858353.0,1683706958.0
1010,1010,2.0,0.0,0.0,320339095.0,1683707439.0
1011,1011,2.0,1.0,1.0,320399941.0,1683707500.0
1012,1012,3.0,0.0,0.0,320880789.0,1683707980.0
1013,1013,3.0,1.0,1.0,320941627.0,1683708041.0
1014,1014,0.0,0.0,0.0,321422530.0,1683708522.0
1015,1015,0.0,1.0,1.0,321483496.0,1683708583.0
1016,1016,1.0,0.0,0.0,321964389.0,1683709064.0
1017,1017,1.0,1.0,1.0,322025011.0,1683709125.0
1018,1018,2.0,0.0,0.0,322505684.0,1683709605.0
1019,1019,2.0,1.0,1.0,322566293.0,1683709666.0
1020,1020,3.0,0.0,0.0,323047167.0,1683710147.0
1021,1021,3.0,1.0,1.0,323107790.0,1683710208.0
1022,1022,0.0,0.0,0.0,323588762.0,1683710688.0
1023,1023,0.0,1.0,1.0,323649688.0,1683710749.0
1024,1024,1.0,0.0,0.0,324130367.0,1683711230.0
1025,1025,1.0,1.0,1.0,324191100.0,1683711291.0
1026,1026,2.0,0.0,0.0,324672058.0,1683711772.0
1027,1027,2.0,1.0,1.0,324732913.0,1683711833.0
1028,1028,3.0,0.0,0.0,325213642.0,1683712313.0
1029,1029,3.0,1.0,1.0,325274687.0,1683712374.0
1030,1030,0.0,0.0,0.0,325755380.0,1683712855.0
1031,1031,0.0,1.0,1.0,325830994.0,1683712930.0
1032,1032,1.0,0.0,0.0,326325263.0,1683713425.0
1033,1033,1.0,1.0,1.0,326387274.0,1683713487.0
1034,1034,2.0,0.0,0.0,326868719.0,1683713968.0
1035,1035,2.0,1.0,1.0,326929803.0,1683714029.0
1036,1036,3.0,0.0,0.0,327410596.0,1683714510.0
1037,1037,3.0,1.0,1.0,327471201.0,1683714571.0
1038,1038,0.0,0.0,0.0,327951874.0,1683715052.0
1039,1039,0.0,1.0,1.0,328014611.0,1683715114.0
1040,1040,1.0,0.0,0.0,328495328.0,1683715595.0
1041,1041,1.0,1.0,1.0,328556172.0,1683715656.0
1042,1042,2.0,0.0,0.0,329037109.0,1683716137.0
1043,1043,2.0,1.0,1.0,329098041.0,1683716198.0
1044,1044,3.0,0.0,0.0,329578685.0,1683716678.0
1045,1045,3.0,1.0,1.0,329639385.0,1683716739.0
1046,1046,0.0,0.0,0.0,330120415.0,1683717220.0
1047,1047,0.0,1.0,1.0,330181344.0,1683717281.0
1048,1048,1.0,0.0,0.0,330661932.0,1683717762.0
1049,1049,1.0,1.0,1.0,330722517.0,1683717822.0
1050,1050,2.0,0.0,0.0,331203221.0,1683718303.0
1051,1051,2.0,1.0,1.0,331264042.0,1683718364.0
1052,1052,3.0,0.0,0.0,331744717.0,1683718844.0
1053,1053,3.0,1.0,1.0,331805435.0,1683718905.0
1054,1054,0.0,0.0,0.0,332286103.0,1683719386.0
1055,1055,0.0,1.0,1.0,332346664.0,1683719446.0
1056,1056,1.0,0.0,0.0,332827229.0,1683719927.0
1057,1057,1.0,1.0,1.0,332887930.0,1683719988.0
1058,1058,2.0,0.0,0.0,333368879.0,1683720468.0
1059,1059,2.0,1.0,1.0,333429811.0,1683720529.0
1060,1060,3.0,0.0,0.0,333910573.0,1683721010.0
1061,1061,3.0,1.0,1.0,333971237.0,1683721071.0
1062,1062,0.0,0.0,0.0,334452288.0,1683721552.0
1063,1063,0.0,1.0,1.0,334513313.0,1683721613.0
1064,1064,1.0,0.0,0.0,334994873.0,1683722094.0
1065,1065,1.0,1.0,1.0,335055539.0,1683722155.0
1066,1066,2.0,0.0,0.0,335536220.0,1683722636.0
1067,1067,2.0,1.0,1.0,335596840.0,1683722697.0
1068,1068,3.0,0.0,0.0,336077794.0,1683723177.0
1069,1069,3.0,1.0,1.0,336138723.0,1683723238.0
1070,1070,0.0,0.0,0.0,336619417.0,1683723719.0
1071,1071,0.0,1.0,1.0,336681676.0,1683723781.0
1072,1072,1.0,0.0,0.0,337162338.0,1683724262.0
1073,1073,1.0,1.0,1.0,337223385.0,1683724323.0
1074,1074,2.0,0.0,0.0,337704175.0,1683724804.0
1075,1075,2.0,1.0,1.0,337764876.0,1683724865.0
1076,1076,3.0,0.0,0.0,338245550.0,1683725345.0
1077,1077,3.0,1.0,1.0,338306375.0,1683725406.0
1078,1078,0.0,0.0,0.0,338787293.0,1683725887.0
1079,1079,0.0,1.0,1.0,338848144.0,1683725948.0
1080,1080,1.0,0.0,0.0,339328975.0,1683726429.0
1081,1081,1.0,1.0,1.0,339389755.0,1683726489.0
1082,1082,2.0,0.0,0.0,339870619.0,1683726970.0
1083,1083,2.0,1.0,1.0,339931475.0,1683727031.0
1084,1084,3.0,0.0,0.0,340412440.0,1683727512.0
1085,1085,3.0,1.0,1.0,340473367.0,1683727573.0
1086,1086,0.0,0.0,0.0,340954060.0,1683728054.0
1087,1087,0.0,1.0,1.0,341014677.0,1683728114.0
1088,1088,1.0,0.0,0.0,341495789.0,1683728595.0
1089,1089,1.0,1.0,1.0,341556770.0,1683728656.0
1090,1090,2.0,0.0,0.0,342037958.0,1683729138.0
1091,1091,2.0,1.0,1.0,342098579.0,1683729198.0
1092,1092,3.0,0.0,0.0,342579252.0,1683729679.0
1093,1093,3.0,1.0,1.0,342639872.0,1683729740.0
1094,1094,0.0,0.0,0.0,343120662.0,1683730220.0
1095,1095,0.0,1.0,1.0,343181482.0,1683730281.0
1096,1096,1.0,0.0,0.0,343662437.0,1683730762.0
1097,1097,1.0,1.0,1.0,343723083.0,1683730823.0
1098,1098,2.0,0.0,0.0,344203936.0,1683731303.0
1099,1099,2.0,1.0,1.0,344264752.0,1683731364.0
1100,1100,3.0,0.0,0.0,344745848.0,1683731845.0
1101,1101,3.0,1.0,1.0,344806486.0,1683731906.0
1102,1102,0.0,0.0,0.0,345287150.0,1683732387.0
1103,1103,0.0,1.0,1.0,345347766.0,1683732447.0
1104,1104,1.0,0.0,0.0,345828558.0,1683732928.0
1105,1105,1.0,1.0,1.0,345889163.0,1683732989.0
1106,1106,2.0,0.0,0.0,346369844.0,1683733469.0
1107,1107,2.0,1.0,1.0,346430667.0,1683733530.0
1108,1108,3.0,0.0,0.0,346911625.0,1683734011.0
1109,1109,3.0,1.0,1.0,346972654.0,1683734072.0
1110,1110,0.0,0.0,0.0,347453340.0,1683734553.0
1111,1111,0.0,1.0,1.0,347513959.0,1683734614.0
1112,1112,1.0,0.0,0.0,347994632.0,1683735094.0
1113,1113,1.0,1.0,1.0,348055250.0,1683735155.0
1114,1114,2.0,0.0,0.0,348535925.0,1683735636.0
1115,1115,2.0,1.0,1.0,348596546.0,1683735696.0
1116,1116,3.0,0.0,0.0,349077520.0,1683736177.0
1117,1117,3.0,1.0,1.0,349138544.0,1683736238.0
1118,1118,0.0,0.0,0.0,349619228.0,1683736719.0
1119,1119,0.0,1.0,1.0,349679919.0,1683736780.0
1120,1120,1.0,0.0,0.0,350161127.0,1683737261.0
1121,1121,1.0,1.0,1.0,350222156.0,1683737322.0
1122,1122,2.0,0.0,0.0,350702844.0,1683737802.0
1123,1123,2.0,1.0,1.0,350763858.0,1683737863.0
1124,1124,3.0,0.0,0.0,351244697.0,1683738344.0
1125,1125,3.0,1.0,1.0,351305359.0,1683738405.0
1126,1126,0.0,0.0,0.0,351786166.0,1683738886.0
1127,1127,0.0,1.0,1.0,351846991.0,1683738946.0
1128,1128,1.0,0.0,0.0,352327745.0,1683739427.0
1129,1129,1.0,1.0,1.0,352388368.0,1683739488.0
1130,1130,2.0,0.0,0.0,352869027.0,1683739969.0
1131,1131,2.0,1.0,1.0,352929647.0,1683740029.0
1132,1132,3.0,0.0,0.0,353410320.0,1683740510.0
1133,1133,3.0,1.0,1.0,353471234.0,1683740571.0
1134,1134,0.0,0.0,0.0,353952420.0,1683741052.0
1135,1135,0.0,1.0,1.0,354013557.0,1683741113.0
1136,1136,1.0,0.0,0.0,354494844.0,1683741594.0
1137,1137,1.0,1.0,1.0,354555532.0,1683741655.0
1138,1138,2.0,0.0,0.0,355036374.0,1683742136.0
1139,1139,2.0,1.0,1.0,355097169.0,1683742197.0
1140,1140,3.0,0.0,0.0,355578146.0,1683742678.0
1141,1141,3.0,1.0,1.0,355639077.0,1683742738.0
1142,1142,0.0,0.0,0.0,356119893.0,1683743219.0
1143,1143,0.0,1.0,1.0,356180878.0,1683743280.0
1144,1144,1.0,0.0,0.0,356662483.0,1683743762.0
1145,1145,1.0,1.0,1.0,356723106.0,1683743823.0
1146,1146,2.0,0.0,0.0,357204065.0,1683744303.0
1147,1147,2.0,1.0,1.0,357264992.0,1683744364.0
1148,1148,3.0,0.0,0.0,357745688.0,1683744845.0
1149,1149,3.0,1.0,1.0,357806592.0,1683744906.0
1150,1150,0.0,0.0,0.0,358287345.0,1683745387.0
1151,1151,0.0,1.0,1.0,358348006.0,1683745448.0
1152,1152,1.0,0.0,0.0,358828682.0,1683745928.0
1153,1153,1.0,1.0,1.0,358889297.0,1683745989.0
1154,1154,2.0,0.0,0.0,359369961.0,1683746469.0
1155,1155,2.0,1.0,1.0,359430579.0,1683746530.0
1156,1156,3.0,0.0,0.0,359911550.0,1683747011.0
1157,1157,3.0,1.0,1.0,359972580.0,1683747072.0
1158,1158,0.0,0.0,0.0,360453763.0,1683747553.0
1159,1159,0.0,1.0,1.0,360514665.0,1683747614.0
1160,1160,1.0,0.0,0.0,360995484.0,1683748095.0
1161,1161,1.0,1.0,1.0,361056403.0,1683748156.0
1162,1162,2.0,0.0,0.0,361537372.0,1683748637.0
1163,1163,2.0,1.0,1.0,361598237.0,1683748698.0
1164,1164,3.0,0.0,0.0,362079176.0,1683749179.0
1165,1165,3.0,1.0,1.0,362140105.0,1683749239.0
1166,1166,0.0,0.0,0.0,362621023.0,1683749720.0
1167,1167,0.0,1.0,1.0,362681843.0,1683749781.0
1168,1168,1.0,0.0,0.0,363162547.0,1683750262.0
1169,1169,1.0,1.0,1.0,363223414.0,1683750323.0
1170,1170,2.0,0.0,0.0,363704228.0,1683750804.0
1171,1171,2.0,1.0,1.0,363765054.0,1683750864.0
1172,1172,3.0,0.0,0.0,364245688.0,1683751345.0
1173,1173,3.0,1.0,1.0,364306306.0,1683751406.0
1174,1174,0.0,0.0,0.0,364787282.0,1683751887.0
1175,1175,0.0,1.0,1.0,364848137.0,1683751948.0
1176,1176,1.0,0.0,0.0,365329015.0,1683752428.0
1177,1177,1.0,1.0,1.0,365390149.0,1683752490.0
1178,1178,2.0,0.0,0.0,365871086.0,1683752970.0
1179,1179,2.0,1.0,1.0,365932023.0,1683753031.0
1180,1180,3.0,0.0,0.0,366412715.0,1683753512.0
1181,1181,3.0,1.0,1.0,366473327.0,1683753573.0
1182,1182,0.0,0.0,0.0,366954288.0,1683754054.0
1183,1183,0.0,1.0,1.0,367015319.0,1683754115.0
1184,1184,1.0,0.0,0.0,367496405.0,1683754596.0
1185,1185,1.0,1.0,1.0,367557538.0,1683754657.0
1186,1186,2.0,0.0,0.0,368039347.0,1683755139.0
1187,1187,2.0,1.0,1.0,368099971.0,1683755199.0
1188,1188,3.0,0.0,0.0,368580936.0,1683755680.0
1189,1189,3.0,1.0,1.0,368641734.0,1683755741.0
1190,1190,0.0,0.0,0.0,369122739.0,1683756222.0
1191,1191,0.0,1.0,1.0,369183668.0,1683756283.0
1192,1192,1.0,0.0,0.0,369664354.0,1683756764.0
1193,1193,1.0,1.0,1.0,369725279.0,1683756825.0
1194,1194,2.0,0.0,0.0,370206117.0,1683757305.0
1195,1195,2.0,1.0,1.0,370266938.0,1683757366.0
1196,1196,3.0,0.0,0.0,370747544.0,1683757847.0
1197,1197,3.0,1.0,1.0,370808330.0,1683757908.0
1198,1198,0.0,0.0,0.0,371289172.0,1683758388.0
1199,1199,0.0,1.0,1.0,371350121.0,1683758450.0
1200,1200,1.0,0.0,0.0,371831059.0,1683758930.0
1201,1201,1.0,1.0,1.0,371891947.0,1683758991.0
1202,1202,2.0,0.0,0.0,372372661.0,1683759472.0
1203,1203,2.0,1.0,1.0,372433449.0,1683759533.0
1204,1204,3.0,0.0,0.0,372914442.0,1683760014.0
1205,1205,3.0,1.0,1.0,372975232.0,1683760075.0
1206,1206,0.0,0.0,0.0,373456062.0,1683760555.0
1207,1207,0.0,1.0,1.0,373516988.0,1683760616.0
1208,1208,1.0,0.0,0.0,373997655.0,1683761097.0
1209,1209,1.0,1.0,1.0,374058271.0,1683761158.0
1210,1210,2.0,0.0,0.0,374539246.0,1683761638.0
1211,1211,2.0,1.0,1.0,374600102.0,1683761699.0
1212,1212,3.0,0.0,0.0,375080762.0,1683762180.0
1213,1213,3.0,1.0,1.0,375141379.0,1683762241.0
1214,1214,0.0,0.0,0.0,375622489.0,1683762722.0
1215,1215,0.0,1.0,1.0,375683473.0,1683762783.0
1216,1216,1.0,0.0,0.0,376165272.0,1683763264.0
1217,1217,1.0,1.0,1.0,376226199.0,1683763325.0
1218,1218,2.0,0.0,0.0,376706882.0,1683763806.0
1219,1219,2.0,1.0,1.0,376767796.0,1683763867.0
1220,1220,3.0,0.0,0.0,377248764.0,1683764348.0
1221,1221,3.0,1.0,1.0,377309418.0,1683764409.0
1222,1222,0.0,0.0,0.0,377790090.0,1683764889.0
1223,1223,0.0,1.0,1.0,377850707.0,1683764950.0
1224,1224,1.0,0.0,0.0,378331671.0,1683765431.0
1225,1225,1.0,1.0,1.0,378392361.0,1683765492.0
1226,1226,2.0,0.0,0.0,378873262.0,1683765973.0
1227,1227,2.0,1.0,1.0,378934193.0,1683766033.0
1228,1228,3.0,0.0,0.0,379414921.0,1683766514.0
1229,1229,3.0,1.0,1.0,379475712.0,1683766575.0
1230,1230,0.0,0.0,0.0,379956288.0,1683767056.0
1231,1231,0.0,1.0,1.0,380017000.0,1683767116.0
1232,1232,1.0,0.0,0.0,380498144.0,1683767597.0
1233,1233,1.0,1.0,1.0,380558945.0,1683767658.0
1234,1234,2.0,0.0,0.0,381039919.0,1683768139.0
1235,1235,2.0,1.0,1.0,381101039.0,1683768200.0
1236,1236,3.0,0.0,0.0,381583735.0,1683768683.0
1237,1237,3.0,1.0,1.0,381645380.0,1683768745.0
1238,1238,0.0,0.0,0.0,382127078.0,1683769226.0
1239,1239,0.0,1.0,1.0,382190055.0,1683769289.0
1240,1240,1.0,0.0,0.0,382670726.0,1683769770.0
1241,1241,1.0,1.0,1.0,382731563.0,1683769831.0
1242,1242,2.0,0.0,0.0,383212224.0,1683770312.0
1243,1243,2.0,1.0,1.0,383272857.0,1683770372.0
1244,1244,3.0,0.0,0.0,383755033.0,1683770854.0
1245,1245,3.0,1.0,1.0,383815995.0,1683770915.0
1246,1246,0.0,0.0,0.0,384297477.0,1683771397.0
1247,1247,0.0,1.0,1.0,384358701.0,1683771458.0
1248,1248,1.0,0.0,0.0,384841227.0,1683771940.0
1249,1249,1.0,1.0,1.0,384902967.0,1683772002.0
1250,1250,2.0,0.0,0.0,385383630.0,1683772483.0
1251,1251,2.0,1.0,1.0,385444248.0,1683772544.0
1252,1252,3.0,0.0,0.0,385925096.0,1683773024.0
1253,1253,3.0,1.0,1.0,385986044.0,1683773085.0
1254,1254,0.0,0.0,0.0,386466887.0,1683773566.0
1255,1255,0.0,1.0,1.0,386527717.0,1683773627.0
1256,1256,1.0,0.0,0.0,387008531.0,1683774108.0
1257,1257,1.0,1.0,1.0,387070059.0,1683774169.0
1258,1258,2.0,0.0,0.0,387550745.0,1683774650.0
1259,1259,2.0,1.0,1.0,387611385.0,1683774711.0
1260,1260,3.0,0.0,0.0,388092047.0,1683775191.0
1261,1261,3.0,1.0,1.0,388152688.0,1683775252.0
1262,1262,0.0,0.0,0.0,388633339.0,1683775733.0
1263,1263,0.0,1.0,1.0,388694058.0,1683775793.0
1264,1264,1.0,0.0,0.0,389175025.0,1683776274.0
1265,1265,1.0,1.0,1.0,389235945.0,1683776335.0
1266,1266,2.0,0.0,0.0,389716923.0,1683776816.0
1267,1267,2.0,1.0,1.0,389777561.0,1683776877.0
1268,1268,3.0,0.0,0.0,390258525.0,1683777358.0
1269,1269,3.0,1.0,1.0,390319396.0,1683777419.0
1270,1270,0.0,0.0,0.0,390800335.0,1683777899.0
1271,1271,0.0,1.0,1.0,390861264.0,1683777960.0
1272,1272,1.0,0.0,0.0,391342091.0,1683778441.0
1273,1273,1.0,1.0,1.0,391402935.0,1683778502.0
1274,1274,2.0,0.0,0.0,391883937.0,1683778983.0
1275,1275,2.0,1.0,1.0,391944700.0,1683779044.0
1276,1276,3.0,0.0,0.0,392425560.0,1683779525.0
1277,1277,3.0,1.0,1.0,392486568.0,1683779586.0
1278,1278,0.0,0.0,0.0,392968682.0,1683780068.0
1279,1279,0.0,1.0,1.0,393029529.0,1683780129.0
1280,1280,1.0,0.0,0.0,393510582.0,1683780610.0
1281,1281,1.0,1.0,1.0,393571234.0,1683780671.0
1282,1282,2.0,0.0,0.0,394051884.0,1683781151.0
1283,1283,2.0,1.0,1.0,394112506.0,1683781212.0
1284,1284,3.0,0.0,0.0,394593175.0,1683781692.0
1285,1285,3.0,1.0,1.0,394654194.0,1683781753.0
1286,1286,0.0,0.0,0.0,395134876.0,1683782234.0
1287,1287,0.0,1.0,1.0,395195498.0,1683782295.0
1288,1288,1.0,0.0,0.0,395676477.0,1683782776.0
1289,1289,1.0,1.0,1.0,395737553.0,1683782837.0
1290,1290,2.0,0.0,0.0,396218345.0,1683783318.0
1291,1291,2.0,1.0,1.0,396279398.0,1683783379.0
1292,1292,3.0,0.0,0.0,396760873.0,1683783860.0
1293,1293,3.0,1.0,1.0,396822402.0,1683783922.0
1294,1294,0.0,0.0,0.0,397304345.0,1683784403.0
1295,1295,0.0,1.0,1.0,397367004.0,1683784465.0
1296,1296,1.0,0.0,0.0,397847687.0,1683784947.0
1297,1297,1.0,1.0,1.0,397908306.0,1683785008.0
1298,1298,2.0,0.0,0.0,398389278.0,1683785488.0
1299,1299,2.0,1.0,1.0,398449907.0,1683785549.0
1300,1300,3.0,0.0,0.0,398931090.0,1683786030.0
1301,1301,3.0,1.0,1.0,398992149.0,1683786091.0
1302,1302,0.0,0.0,0.0,399474193.0,1683786573.0
1303,1303,0.0,1.0,1.0,399535287.0,1683786634.0
1304,1304,1.0,0.0,0.0,400018210.0,1683787117.0
1305,1305,1.0,1.0,1.0,400082506.0,1683787181.0
1306,1306,2.0,0.0,0.0,400565605.0,1683787665.0
1307,1307,2.0,1.0,1.0,400627683.0,1683787727.0
1308,1308,3.0,0.0,0.0,401108477.0,1683788208.0
1309,1309,3.0,1.0,1.0,401170934.0,1683788270.0
1310,1310,0.0,0.0,0.0,401653658.0,1683788753.0
1311,1311,0.0,1.0,1.0,401714612.0,1683788814.0
1312,1312,1.0,0.0,0.0,402195999.0,1683789295.0
1313,1313,1.0,1.0,1.0,402261170.0,1683789360.0
1314,1314,2.0,0.0,0.0,402744803.0,1683789844.0
1315,1315,2.0,1.0,1.0,402809969.0,1683789909.0
1316,1316,3.0,0.0,0.0,403290956.0,1683790390.0
1317,1317,3.0,1.0,1.0,403355148.0,1683790454.0
1318,1318,0.0,0.0,0.0,403836130.0,1683790935.0
1319,1319,0.0,1.0,1.0,403898370.0,1683790997.0
1320,1320,1.0,0.0,0.0,404379048.0,1683791478.0
1321,1321,1.0,1.0,1.0,404441712.0,1683791541.0
1322,1322,2.0,0.0,0.0,404925341.0,1683792024.0
1323,1323,2.0,1.0,1.0,404986388.0,1683792086.0
1324,1324,3.0,0.0,0.0,405469296.0,1683792568.0
1325,1325,3.0,1.0,1.0,405530931.0,1683792630.0
1326,1326,0.0,0.0,0.0,406012329.0,1683793111.0
1327,1327,0.0,1.0,1.0,406076227.0,1683793175.0
1328,1328,1.0,0.0,0.0,406558857.0,1683793658.0
1329,1329,1.0,1.0,1.0,406621934.0,1683793721.0
1330,1330,2.0,0.0,0.0,407104843.0,1683794203.0
1331,1331,2.0,1.0,1.0,407169359.0,1683794268.0
1332,1332,3.0,0.0,0.0,407651415.0,1683794751.0
1333,1333,3.0,1.0,1.0,407715275.0,1683794814.0
1334,1334,0.0,0.0,0.0,408198499.0,1683795297.0
1335,1335,0.0,1.0,1.0,408260023.0,1683795359.0
1336,1336,1.0,0.0,0.0,408741864.0,1683795841.0
1337,1337,1.0,1.0,1.0,408807074.0,1683795906.0
1338,1338,2.0,0.0,0.0,409288136.0,1683796387.0
1339,1339,2.0,1.0,1.0,409351479.0,1683796451.0
1340,1340,3.0,0.0,0.0,409834464.0,1683796934.0
1341,1341,3.0,1.0,1.0,409896408.0,1683796996.0
1342,1342,0.0,0.0,0.0,410379633.0,1683797479.0
1343,1343,0.0,1.0,1.0,410444261.0,1683797543.0
1344,1344,1.0,0.0,0.0,410925953.0,1683798024.0
1345,1345,1.0,1.0,1.0,410987998.0,1683798086.0
1346,1346,2.0,0.0,0.0,411471570.0,1683798571.0
1347,1347,2.0,1.0,1.0,411533284.0,1683798632.0
1348,1348,3.0,0.0,0.0,412019484.0,1683799118.0
1349,1349,3.0,1.0,1.0,412083986.0,1683799183.0
1350,1350,0.0,0.0,0.0,412567950.0,1683799667.0
1351,1351,0.0,1.0,1.0,412631575.0,1683799730.0
1352,1352,1.0,0.0,0.0,413112530.0,1683800212.0
1353,1353,1.0,1.0,1.0,413175711.0,1683800275.0
1354,1354,2.0,0.0,0.0,413657331.0,1683800756.0
1355,1355,2.0,1.0,1.0,413719173.0,1683800818.0
1356,1356,3.0,0.0,0.0,414201658.0,1683801301.0
1357,1357,3.0,1.0,1.0,414273032.0,1683801372.0
1358,1358,0.0,0.0,0.0,414755485.0,1683801855.0
1359,1359,0.0,1.0,1.0,414817832.0,1683801917.0
1360,1360,1.0,0.0,0.0,415300422.0,1683802400.0
1361,1361,1.0,1.0,1.0,415364629.0,1683802464.0
1362,1362,2.0,0.0,0.0,415846529.0,1683802945.0
1363,1363,2.0,1.0,1.0,415909216.0,1683803008.0
1364,1364,3.0,0.0,0.0,416390303.0,1683803489.0
1365,1365,0.0,0.0,0.0,416932695.0,1683804032.0
1366,1366,0.0,1.0,1.0,416993328.0,1683804092.0
1367,1367,1.0,0.0,0.0,417474650.0,1683804574.0
1368,1368,1.0,1.0,1.0,417535621.0,1683804635.0
1369,1369,2.0,0.0,0.0,418016310.0,1683805115.0
1370,1370,2.0,1.0,1.0,418076857.0,1683805176.0
1371,1371,3.0,0.0,0.0,418557728.0,1683805657.0
1372,1372,3.0,1.0,1.0,418618717.0,1683805718.0
1373,1373,0.0,0.0,0.0,419099792.0,1683806199.0
1374,1374,0.0,1.0,1.0,419160926.0,1683806260.0
1375,1375,1.0,0.0,0.0,419641909.0,1683806741.0
1376,1376,1.0,1.0,1.0,419702761.0,1683806802.0
1377,1377,2.0,0.0,0.0,420183421.0,1683807283.0
1378,1378,2.0,1.0,1.0,420244042.0,1683807343.0
1379,1379,3.0,0.0,0.0,420724713.0,1683807824.0
1380,1380,3.0,1.0,1.0,420785334.0,1683807884.0
1381,1381,0.0,0.0,0.0,421266201.0,1683808365.0
1382,1382,0.0,1.0,1.0,421326818.0,1683808426.0
1383,1383,1.0,0.0,0.0,421807785.0,1683808907.0
1384,1384,1.0,1.0,1.0,421868720.0,1683808968.0
1385,1385,2.0,0.0,0.0,422349613.0,1683809449.0
1386,1386,2.0,1.0,1.0,422410436.0,1683809510.0
1387,1387,3.0,0.0,0.0,422891114.0,1683809990.0
1388,1388,3.0,1.0,1.0,422951944.0,1683810051.0
1389,1389,0.0,0.0,0.0,423432995.0,1683810532.0
1390,1390,0.0,1.0,1.0,423493825.0,1683810593.0
1391,1391,1.0,0.0,0.0,423974822.0,1683811074.0
1392,1392,1.0,1.0,1.0,424035441.0,1683811135.0
1393,1393,2.0,0.0,0.0,424516102.0,1683811615.0
1394,1394,2.0,1.0,1.0,424576722.0,1683811676.0
1395,1395,3.0,0.0,0.0,425057615.0,1683812157.0
1396,1396,3.0,1.0,1.0,425118230.0,1683812217.0
1397,1397,0.0,0.0,0.0,425598891.0,1683812698.0
1398,1398,0.0,1.0,1.0,425659510.0,1683812759.0
1399,1399,1.0,0.0,0.0,426140194.0,1683813239.0
1400,1400,1.0,1.0,1.0,426200818.0,1683813300.0
1401,1401,2.0,0.0,0.0,426681476.0,1683813781.0
1402,1402,2.0,1.0,1.0,426742094.0,1683813841.0
1403,1403,3.0,0.0,0.0,427222767.0,1683814322.0
1404,1404,3.0,1.0,1.0,427283592.0,1683814383.0
1405,1405,0.0,0.0,0.0,427764450.0,1683814863.0
1406,1406,0.0,1.0,1.0,427826114.0,1683814924.0
1407,1407,1.0,0.0,0.0,428307084.0,1683815406.0
1408,1408,1.0,1.0,1.0,428368014.0,1683815467.0
1409,1409,2.0,0.0,0.0,428848705.0,1683815948.0
1410,1410,2.0,1.0,1.0,428909321.0,1683816008.0
1411,1411,3.0,0.0,0.0,429390287.0,1683816489.0
1412,1412,3.0,1.0,1.0,429451125.0,1683816550.0
1413,1413,0.0,0.0,0.0,429931793.0,1683817031.0
1414,1414,0.0,1.0,1.0,429992418.0,1683817091.0
1415,1415,1.0,0.0,0.0,430473090.0,1683817572.0
1416,1416,1.0,1.0,1.0,430533714.0,1683817633.0
1417,1417,2.0,0.0,0.0,431014588.0,1683818114.0
1418,1418,2.0,1.0,1.0,431075411.0,1683818174.0
1419,1419,3.0,0.0,0.0,431556084.0,1683818655.0
1420,1420,3.0,1.0,1.0,431616704.0,1683818716.0
1421,1421,0.0,0.0,0.0,432097669.0,1683819197.0
1422,1422,0.0,1.0,1.0,432158515.0,1683819257.0
1423,1423,1.0,0.0,0.0,432639183.0,1683819738.0
1424,1424,1.0,1.0,1.0,432700191.0,1683819799.0
1425,1425,2.0,0.0,0.0,433181479.0,1683820280.0
1426,1426,2.0,1.0,1.0,433242405.0,1683820341.0
1427,1427,3.0,0.0,0.0,433723383.0,1683820822.0
1428,1428,3.0,1.0,1.0,433784417.0,1683820883.0
1429,1429,0.0,0.0,0.0,434265494.0,1683821364.0
1430,1430,0.0,1.0,1.0,434326208.0,1683821425.0
1431,1431,1.0,0.0,0.0,434806973.0,1683821906.0
1432,1432,1.0,1.0,1.0,434867825.0,1683821967.0
1433,1433,2.0,0.0,0.0,435348813.0,1683822448.0
1434,1434,2.0,1.0,1.0,435409437.0,1683822508.0
1435,1435,3.0,0.0,0.0,435890621.0,1683822989.0
1436,1436,3.0,1.0,1.0,435951835.0,1683823051.0
1437,1437,0.0,0.0,0.0,436432703.0,1683823532.0
1438,1438,0.0,1.0,1.0,436493813.0,1683823593.0
1439,1439,1.0,0.0,0.0,436975032.0,1683824074.0
1440,1440,1.0,1.0,1.0,437036166.0,1683824135.0
1441,1441,2.0,0.0,0.0,437517351.0,1683824616.0
1442,1442,2.0,1.0,1.0,437577972.0,1683824677.0
1443,1443,3.0,0.0,0.0,438058866.0,1683825158.0
1444,1444,3.0,1.0,1.0,438119584.0,1683825219.0
1445,1445,0.0,0.0,0.0,438600643.0,1683825699.0
1446,1446,0.0,1.0,1.0,438661706.0,1683825761.0
1447,1447,1.0,0.0,0.0,439142368.0,1683826241.0
1448,1448,1.0,1.0,1.0,439203089.0,1683826302.0
1449,1449,2.0,0.0,0.0,439683965.0,1683826783.0
1450,1450,2.0,1.0,1.0,439744754.0,1683826844.0
1451,1451,3.0,0.0,0.0,440225463.0,1683827324.0
1452,1452,3.0,1.0,1.0,440286185.0,1683827385.0
1453,1453,0.0,0.0,0.0,440767273.0,1683827866.0
1454,1454,0.0,1.0,1.0,440828478.0,1683827927.0
1455,1455,1.0,0.0,0.0,441309568.0,1683828408.0
1456,1456,1.0,1.0,1.0,441370279.0,1683828469.0
1457,1457,2.0,0.0,0.0,441851149.0,1683828950.0
1458,1458,2.0,1.0,1.0,441911952.0,1683829011.0
1459,1459,3.0,0.0,0.0,442392601.0,1683829492.0
